{"sid": "anons-dvojstvennogo", "tag": "baseline", "kegl": 41.0, "cena_kegl_pct": -7.89, "pereliv_h_px": 0.0, "pereliv_x_px": 0, "smeta_vlezaet": true, "brauzer_fits": true, "verstka_reshena": true, "t": "2026-08-14T14:25:29"}
{"sid": "anons-retraktov", "tag": "baseline", "kegl": 41.0, "cena_kegl_pct": -7.89, "pereliv_h_px": 0.0, "pereliv_x_px": 0, "smeta_vlezaet": true, "brauzer_fits": true, "verstka_reshena": true, "t": "2026-08-14T14:25:29"}
{"sid": "bazis-i-matricy", "tag": "baseline", "kegl": 39.0, "cena_kegl_pct": -2.63, "pereliv_h_px": 56.3, "pereliv_x_px": 0, "smeta_vlezaet": false, "brauzer_fits": false, "verstka_reshena": true, "t": "2026-08-14T14:25:29"}
{"sid": "centr-gruppy", "tag": "baseline", "kegl": 39.0, "cena_kegl_pct": -2.63, "pereliv_h_px": 0.0, "pereliv_x_px": 0, "smeta_vlezaet": true, "brauzer_fits": true, "verstka_reshena": true, "t": "2026-08-14T14:25:29"}
{"sid": "dvazhdy-dvojstvennoe", "tag": "baseline", "kegl": 39.0, "cena_kegl_pct": -2.63, "pereliv_h_px": 11.8, "pereliv_x_px": 0, "smeta_vlezaet": false, "brauzer_fits": false, "verstka_reshena": true, "t": "2026-08-14T14:25:29"}
{"sid": "dvojstvennoe-prostranstvo", "tag": "baseline", "kegl": 39.0, "cena_kegl_pct": -2.63, "pereliv_h_px": 85.6, "pereliv_x_px": 0, "smeta_vlezaet": false, "brauzer_fits": false, "verstka_reshena": true, "t": "2026-08-14T14:25:29"}
{"sid": "dvojstvennyj-bazis", "tag": "baseline", "kegl": 38.0, "cena_kegl_pct": 0.0, "pereliv_h_px": 74.8, "pereliv_x_px": 0, "smeta_vlezaet": false, "brauzer_fits": false, "verstka_reshena": true, "t": "2026-08-14T14:25:29"}
{"sid": "fundamentalnaya-gruppa", "tag": "baseline", "kegl": 38.0, "cena_kegl_pct": 0.0, "pereliv_h_px": 2.1, "pereliv_x_px": 0, "smeta_vlezaet": false, "brauzer_fits": false, "verstka_reshena": true, "t": "2026-08-14T14:25:29"}
{"sid": "funktor", "tag": "baseline", "kegl": 32.0, "cena_kegl_pct": 15.79, "pereliv_h_px": 52.3, "pereliv_x_px": 0, "smeta_vlezaet": true, "brauzer_fits": false, "verstka_reshena": true, "t": "2026-08-14T14:25:29"}
{"sid": "inyekcii", "tag": "baseline", "kegl": 38.0, "cena_kegl_pct": 0.0, "pereliv_h_px": 30.9, "pereliv_x_px": 0, "smeta_vlezaet": false, "brauzer_fits": false, "verstka_reshena": true, "t": "2026-08-14T14:25:29"}
{"sid": "itogi", "tag": "baseline", "kegl": 41.0, "cena_kegl_pct": -7.89, "pereliv_h_px": 0.0, "pereliv_x_px": 0, "smeta_vlezaet": true, "brauzer_fits": true, "verstka_reshena": true, "t": "2026-08-14T14:25:29"}
{"sid": "izomorfizm", "tag": "baseline", "kegl": 37.0, "cena_kegl_pct": 2.63, "pereliv_h_px": 0.0, "pereliv_x_px": 0, "smeta_vlezaet": false, "brauzer_fits": true, "verstka_reshena": true, "t": "2026-08-14T14:25:29"}
{"sid": "kategoriya", "tag": "baseline", "kegl": 28.0, "cena_kegl_pct": 26.32, "pereliv_h_px": 30.4, "pereliv_x_px": 0, "smeta_vlezaet": true, "brauzer_fits": false, "verstka_reshena": true, "t": "2026-08-14T14:25:29"}
{"sid": "kategoriya-vect-iso", "tag": "baseline", "kegl": 39.0, "cena_kegl_pct": -2.63, "pereliv_h_px": 69.0, "pereliv_x_px": 0, "smeta_vlezaet": true, "brauzer_fits": false, "verstka_reshena": true, "t": "2026-08-14T14:25:29"}
{"sid": "moral-estestvennosti", "tag": "baseline", "kegl": 36.0, "cena_kegl_pct": 5.26, "pereliv_h_px": 22.0, "pereliv_x_px": 0, "smeta_vlezaet": true, "brauzer_fits": false, "verstka_reshena": true, "t": "2026-08-14T14:25:29"}
{"sid": "napominanie", "tag": "baseline", "kegl": 39.0, "cena_kegl_pct": -2.63, "pereliv_h_px": 0.0, "pereliv_x_px": 0, "smeta_vlezaet": false, "brauzer_fits": true, "verstka_reshena": true, "t": "2026-08-14T14:25:29"}
{"sid": "nekanonicheskij-izomorfizm", "tag": "baseline", "kegl": 38.0, "cena_kegl_pct": 0.0, "pereliv_h_px": 39.6, "pereliv_x_px": 0, "smeta_vlezaet": true, "brauzer_fits": false, "verstka_reshena": true, "t": "2026-08-14T14:25:29"}
{"sid": "razdelitel-estestvennost", "tag": "baseline", "propushcheno": "тип вёрстки 'razdelitel' текстовой зоны не имеет либо не поддержан сметой (поддержаны: polosa_gorizontalnaya, polosa_vertikalnaya, tolko_tekst)", "t": "2026-08-14T14:25:29"}
{"sid": "razdelitel-retrakty", "tag": "baseline", "propushcheno": "тип вёрстки 'razdelitel' текстовой зоны не имеет либо не поддержан сметой (поддержаны: polosa_gorizontalnaya, polosa_vertikalnaya, tolko_tekst)", "t": "2026-08-14T14:25:29"}
{"sid": "retrakt", "tag": "baseline", "kegl": 38.0, "cena_kegl_pct": 0.0, "pereliv_h_px": 86.1, "pereliv_x_px": 0, "smeta_vlezaet": false, "brauzer_fits": false, "verstka_reshena": true, "t": "2026-08-14T14:25:29"}
{"sid": "teorema-brauera", "tag": "baseline", "kegl": 36.0, "cena_kegl_pct": 5.26, "pereliv_h_px": 0.0, "pereliv_x_px": 0, "smeta_vlezaet": false, "brauzer_fits": true, "verstka_reshena": true, "t": "2026-08-14T14:25:29"}
{"sid": "vektornye-prostranstva", "tag": "baseline", "kegl": 37.0, "cena_kegl_pct": 2.63, "pereliv_h_px": 19.0, "pereliv_x_px": 0, "smeta_vlezaet": false, "brauzer_fits": false, "verstka_reshena": true, "t": "2026-08-14T14:25:29"}
{"sid": "zamena-bazisa", "tag": "baseline", "kegl": 37.0, "cena_kegl_pct": 2.63, "pereliv_h_px": 0.0, "pereliv_x_px": 0, "smeta_vlezaet": true, "brauzer_fits": true, "verstka_reshena": true, "t": "2026-08-14T14:25:29"}
{"sid": "anons-dvojstvennogo", "tag": "baseline2", "kegl": 41.0, "cena_kegl_pct": -7.89, "pereliv_h_px": 0.0, "pereliv_x_px": 0, "smeta_vlezaet": true, "brauzer_fits": true, "verstka_reshena": false, "t": "2026-08-14T14:28:11"}
{"sid": "anons-retraktov", "tag": "baseline2", "kegl": 41.0, "cena_kegl_pct": -7.89, "pereliv_h_px": 0.0, "pereliv_x_px": 0, "smeta_vlezaet": true, "brauzer_fits": true, "verstka_reshena": false, "t": "2026-08-14T14:28:11"}
{"sid": "bazis-i-matricy", "tag": "baseline2", "kegl": 39.0, "cena_kegl_pct": -2.63, "pereliv_h_px": 56.3, "pereliv_x_px": 0, "smeta_vlezaet": false, "brauzer_fits": false, "verstka_reshena": false, "t": "2026-08-14T14:28:11"}
{"sid": "centr-gruppy", "tag": "baseline2", "kegl": 39.0, "cena_kegl_pct": -2.63, "pereliv_h_px": 0.0, "pereliv_x_px": 0, "smeta_vlezaet": true, "brauzer_fits": true, "verstka_reshena": false, "t": "2026-08-14T14:28:11"}
{"sid": "dvazhdy-dvojstvennoe", "tag": "baseline2", "kegl": 39.0, "cena_kegl_pct": -2.63, "pereliv_h_px": 11.8, "pereliv_x_px": 0, "smeta_vlezaet": false, "brauzer_fits": false, "verstka_reshena": false, "t": "2026-08-14T14:28:11"}
{"sid": "dvojstvennoe-prostranstvo", "tag": "baseline2", "kegl": 39.0, "cena_kegl_pct": -2.63, "pereliv_h_px": 85.6, "pereliv_x_px": 0, "smeta_vlezaet": false, "brauzer_fits": false, "verstka_reshena": false, "t": "2026-08-14T14:28:11"}
{"sid": "dvojstvennyj-bazis", "tag": "baseline2", "kegl": 38.0, "cena_kegl_pct": 0.0, "pereliv_h_px": 74.8, "pereliv_x_px": 0, "smeta_vlezaet": false, "brauzer_fits": false, "verstka_reshena": false, "t": "2026-08-14T14:28:11"}
{"sid": "fundamentalnaya-gruppa", "tag": "baseline2", "kegl": 38.0, "cena_kegl_pct": 0.0, "pereliv_h_px": 2.1, "pereliv_x_px": 0, "smeta_vlezaet": false, "brauzer_fits": false, "verstka_reshena": false, "t": "2026-08-14T14:28:11"}
{"sid": "funktor", "tag": "baseline2", "kegl": 32.0, "cena_kegl_pct": 15.79, "pereliv_h_px": 52.3, "pereliv_x_px": 0, "smeta_vlezaet": true, "brauzer_fits": false, "verstka_reshena": true, "t": "2026-08-14T14:28:11"}
{"sid": "inyekcii", "tag": "baseline2", "kegl": 38.0, "cena_kegl_pct": 0.0, "pereliv_h_px": 30.9, "pereliv_x_px": 0, "smeta_vlezaet": false, "brauzer_fits": false, "verstka_reshena": false, "t": "2026-08-14T14:28:11"}
{"sid": "itogi", "tag": "baseline2", "kegl": 41.0, "cena_kegl_pct": -7.89, "pereliv_h_px": 0.0, "pereliv_x_px": 0, "smeta_vlezaet": true, "brauzer_fits": true, "verstka_reshena": false, "t": "2026-08-14T14:28:11"}
{"sid": "izomorfizm", "tag": "baseline2", "kegl": 37.0, "cena_kegl_pct": 2.63, "pereliv_h_px": 0.0, "pereliv_x_px": 0, "smeta_vlezaet": false, "brauzer_fits": true, "verstka_reshena": true, "t": "2026-08-14T14:28:11"}
{"sid": "kategoriya", "tag": "baseline2", "kegl": 28.0, "cena_kegl_pct": 26.32, "pereliv_h_px": 30.4, "pereliv_x_px": 0, "smeta_vlezaet": true, "brauzer_fits": false, "verstka_reshena": true, "t": "2026-08-14T14:28:11"}
{"sid": "kategoriya-vect-iso", "tag": "baseline2", "kegl": 39.0, "cena_kegl_pct": -2.63, "pereliv_h_px": 69.0, "pereliv_x_px": 0, "smeta_vlezaet": true, "brauzer_fits": false, "verstka_reshena": true, "t": "2026-08-14T14:28:11"}
{"sid": "moral-estestvennosti", "tag": "baseline2", "kegl": 36.0, "cena_kegl_pct": 5.26, "pereliv_h_px": 22.0, "pereliv_x_px": 0, "smeta_vlezaet": true, "brauzer_fits": false, "verstka_reshena": false, "t": "2026-08-14T14:28:11"}
{"sid": "napominanie", "tag": "baseline2", "kegl": 39.0, "cena_kegl_pct": -2.63, "pereliv_h_px": 0.0, "pereliv_x_px": 0, "smeta_vlezaet": false, "brauzer_fits": true, "verstka_reshena": false, "t": "2026-08-14T14:28:11"}
{"sid": "nekanonicheskij-izomorfizm", "tag": "baseline2", "kegl": 38.0, "cena_kegl_pct": 0.0, "pereliv_h_px": 39.6, "pereliv_x_px": 0, "smeta_vlezaet": true, "brauzer_fits": false, "verstka_reshena": false, "t": "2026-08-14T14:28:11"}
{"sid": "razdelitel-estestvennost", "tag": "baseline2", "propushcheno": "тип вёрстки 'razdelitel' текстовой зоны не имеет либо не поддержан сметой (поддержаны: polosa_gorizontalnaya, polosa_vertikalnaya, tolko_tekst)", "t": "2026-08-14T14:28:11"}
{"sid": "razdelitel-retrakty", "tag": "baseline2", "propushcheno": "тип вёрстки 'razdelitel' текстовой зоны не имеет либо не поддержан сметой (поддержаны: polosa_gorizontalnaya, polosa_vertikalnaya, tolko_tekst)", "t": "2026-08-14T14:28:11"}
{"sid": "retrakt", "tag": "baseline2", "kegl": 38.0, "cena_kegl_pct": 0.0, "pereliv_h_px": 86.1, "pereliv_x_px": 0, "smeta_vlezaet": false, "brauzer_fits": false, "verstka_reshena": false, "t": "2026-08-14T14:28:11"}
{"sid": "teorema-brauera", "tag": "baseline2", "kegl": 36.0, "cena_kegl_pct": 5.26, "pereliv_h_px": 0.0, "pereliv_x_px": 0, "smeta_vlezaet": false, "brauzer_fits": true, "verstka_reshena": false, "t": "2026-08-14T14:28:11"}
{"sid": "vektornye-prostranstva", "tag": "baseline2", "kegl": 37.0, "cena_kegl_pct": 2.63, "pereliv_h_px": 19.0, "pereliv_x_px": 0, "smeta_vlezaet": false, "brauzer_fits": false, "verstka_reshena": false, "t": "2026-08-14T14:28:11"}
{"sid": "zamena-bazisa", "tag": "baseline2", "kegl": 37.0, "cena_kegl_pct": 2.63, "pereliv_h_px": 0.0, "pereliv_x_px": 0, "smeta_vlezaet": true, "brauzer_fits": true, "verstka_reshena": false, "t": "2026-08-14T14:28:11"}
{"sid": "anons-dvojstvennogo", "tag": "baseline-zanovo", "kegl": 41.0, "cena_kegl_pct": -7.89, "pereliv_h_px": 0.0, "pereliv_x_px": 0, "smeta_vlezaet": true, "brauzer_fits": true, "verstka_reshena": false, "t": "2026-08-14T14:30:23"}
{"sid": "anons-retraktov", "tag": "baseline-zanovo", "kegl": 41.0, "cena_kegl_pct": -7.89, "pereliv_h_px": 0.0, "pereliv_x_px": 0, "smeta_vlezaet": true, "brauzer_fits": true, "verstka_reshena": false, "t": "2026-08-14T14:30:23"}
{"sid": "bazis-i-matricy", "tag": "baseline-zanovo", "kegl": 38.0, "cena_kegl_pct": 0.0, "pereliv_h_px": 0.0, "pereliv_x_px": 0, "smeta_vlezaet": false, "brauzer_fits": true, "verstka_reshena": false, "t": "2026-08-14T14:30:23"}
{"sid": "centr-gruppy", "tag": "baseline-zanovo", "kegl": 38.0, "cena_kegl_pct": 0.0, "pereliv_h_px": 0.0, "pereliv_x_px": 0, "smeta_vlezaet": true, "brauzer_fits": true, "verstka_reshena": false, "t": "2026-08-14T14:30:23"}
{"sid": "dvazhdy-dvojstvennoe", "tag": "baseline-zanovo", "kegl": 38.0, "cena_kegl_pct": 0.0, "pereliv_h_px": 0.0, "pereliv_x_px": 0, "smeta_vlezaet": false, "brauzer_fits": true, "verstka_reshena": false, "t": "2026-08-14T14:30:23"}
{"sid": "dvojstvennoe-prostranstvo", "tag": "baseline-zanovo", "kegl": 36.0, "cena_kegl_pct": 5.26, "pereliv_h_px": 0.0, "pereliv_x_px": 0, "smeta_vlezaet": false, "brauzer_fits": true, "verstka_reshena": false, "t": "2026-08-14T14:30:23"}
{"sid": "dvojstvennyj-bazis", "tag": "baseline-zanovo", "kegl": 35.0, "cena_kegl_pct": 7.89, "pereliv_h_px": 0.0, "pereliv_x_px": 0, "smeta_vlezaet": false, "brauzer_fits": true, "verstka_reshena": false, "t": "2026-08-14T14:30:23"}
{"sid": "fundamentalnaya-gruppa", "tag": "baseline-zanovo", "kegl": 36.0, "cena_kegl_pct": 5.26, "pereliv_h_px": 0.0, "pereliv_x_px": 0, "smeta_vlezaet": true, "brauzer_fits": true, "verstka_reshena": false, "t": "2026-08-14T14:30:23"}
{"sid": "funktor", "tag": "baseline-zanovo", "kegl": 32.0, "cena_kegl_pct": 15.79, "pereliv_h_px": 52.3, "pereliv_x_px": 0, "smeta_vlezaet": true, "brauzer_fits": false, "verstka_reshena": true, "t": "2026-08-14T14:30:23"}
{"sid": "inyekcii", "tag": "baseline-zanovo", "kegl": 38.0, "cena_kegl_pct": 0.0, "pereliv_h_px": 0.0, "pereliv_x_px": 0, "smeta_vlezaet": false, "brauzer_fits": true, "verstka_reshena": false, "t": "2026-08-14T14:30:23"}
{"sid": "itogi", "tag": "baseline-zanovo", "kegl": 41.0, "cena_kegl_pct": -7.89, "pereliv_h_px": 0.0, "pereliv_x_px": 0, "smeta_vlezaet": true, "brauzer_fits": true, "verstka_reshena": false, "t": "2026-08-14T14:30:23"}
{"sid": "izomorfizm", "tag": "baseline-zanovo", "kegl": 37.0, "cena_kegl_pct": 2.63, "pereliv_h_px": 0.0, "pereliv_x_px": 0, "smeta_vlezaet": false, "brauzer_fits": true, "verstka_reshena": true, "t": "2026-08-14T14:30:23"}
{"sid": "kategoriya", "tag": "baseline-zanovo", "kegl": 28.0, "cena_kegl_pct": 26.32, "pereliv_h_px": 30.4, "pereliv_x_px": 0, "smeta_vlezaet": true, "brauzer_fits": false, "verstka_reshena": true, "t": "2026-08-14T14:30:23"}
{"sid": "kategoriya-vect-iso", "tag": "baseline-zanovo", "kegl": 39.0, "cena_kegl_pct": -2.63, "pereliv_h_px": 69.0, "pereliv_x_px": 0, "smeta_vlezaet": true, "brauzer_fits": false, "verstka_reshena": true, "t": "2026-08-14T14:30:23"}
{"sid": "moral-estestvennosti", "tag": "baseline-zanovo", "kegl": 38.0, "cena_kegl_pct": 0.0, "pereliv_h_px": 0.0, "pereliv_x_px": 0, "smeta_vlezaet": true, "brauzer_fits": true, "verstka_reshena": false, "t": "2026-08-14T14:30:23"}
{"sid": "napominanie", "tag": "baseline-zanovo", "kegl": 40.0, "cena_kegl_pct": -5.26, "pereliv_h_px": 0.0, "pereliv_x_px": 0, "smeta_vlezaet": false, "brauzer_fits": true, "verstka_reshena": false, "t": "2026-08-14T14:30:23"}
{"sid": "nekanonicheskij-izomorfizm", "tag": "baseline-zanovo", "kegl": 38.0, "cena_kegl_pct": 0.0, "pereliv_h_px": 0.0, "pereliv_x_px": 0, "smeta_vlezaet": true, "brauzer_fits": true, "verstka_reshena": false, "t": "2026-08-14T14:30:23"}
{"sid": "razdelitel-estestvennost", "tag": "baseline-zanovo", "propushcheno": "тип вёрстки 'razdelitel' текстовой зоны не имеет либо не поддержан сметой (поддержаны: polosa_gorizontalnaya, polosa_vertikalnaya, tolko_tekst)", "t": "2026-08-14T14:30:23"}
{"sid": "razdelitel-retrakty", "tag": "baseline-zanovo", "propushcheno": "тип вёрстки 'razdelitel' текстовой зоны не имеет либо не поддержан сметой (поддержаны: polosa_gorizontalnaya, polosa_vertikalnaya, tolko_tekst)", "t": "2026-08-14T14:30:23"}
{"sid": "retrakt", "tag": "baseline-zanovo", "kegl": 38.0, "cena_kegl_pct": 0.0, "pereliv_h_px": 86.1, "pereliv_x_px": 0, "smeta_vlezaet": false, "brauzer_fits": false, "verstka_reshena": false, "t": "2026-08-14T14:30:23"}
{"sid": "teorema-brauera", "tag": "baseline-zanovo", "kegl": 36.0, "cena_kegl_pct": 5.26, "pereliv_h_px": 0.0, "pereliv_x_px": 0, "smeta_vlezaet": false, "brauzer_fits": true, "verstka_reshena": false, "t": "2026-08-14T14:30:23"}
{"sid": "vektornye-prostranstva", "tag": "baseline-zanovo", "kegl": 37.0, "cena_kegl_pct": 2.63, "pereliv_h_px": 19.0, "pereliv_x_px": 0, "smeta_vlezaet": false, "brauzer_fits": false, "verstka_reshena": false, "t": "2026-08-14T14:30:23"}
{"sid": "zamena-bazisa", "tag": "baseline-zanovo", "kegl": 37.0, "cena_kegl_pct": 2.63, "pereliv_h_px": 0.0, "pereliv_x_px": 0, "smeta_vlezaet": true, "brauzer_fits": true, "verstka_reshena": false, "t": "2026-08-14T14:30:23"}
{"sid": "anons-dvojstvennogo", "tag": "e1-pt10-mb8", "kegl": 41.0, "cena_kegl_pct": -7.89, "pereliv_h_px": 0.0, "pereliv_x_px": 0, "smeta_vlezaet": true, "brauzer_fits": true, "verstka_reshena": false, "t": "2026-08-14T14:38:19"}
{"sid": "anons-retraktov", "tag": "e1-pt10-mb8", "kegl": 41.0, "cena_kegl_pct": -7.89, "pereliv_h_px": 0.0, "pereliv_x_px": 0, "smeta_vlezaet": true, "brauzer_fits": true, "verstka_reshena": false, "t": "2026-08-14T14:38:19"}
{"sid": "bazis-i-matricy", "tag": "e1-pt10-mb8", "kegl": 39.0, "cena_kegl_pct": -2.63, "pereliv_h_px": 0.0, "pereliv_x_px": 0, "smeta_vlezaet": false, "brauzer_fits": true, "verstka_reshena": false, "t": "2026-08-14T14:38:19"}
{"sid": "centr-gruppy", "tag": "e1-pt10-mb8", "kegl": 39.0, "cena_kegl_pct": -2.63, "pereliv_h_px": 0.0, "pereliv_x_px": 0, "smeta_vlezaet": false, "brauzer_fits": true, "verstka_reshena": false, "t": "2026-08-14T14:38:19"}
{"sid": "dvazhdy-dvojstvennoe", "tag": "e1-pt10-mb8", "kegl": 38.0, "cena_kegl_pct": 0.0, "pereliv_h_px": 0.0, "pereliv_x_px": 0, "smeta_vlezaet": false, "brauzer_fits": true, "verstka_reshena": false, "t": "2026-08-14T14:38:19"}
{"sid": "dvojstvennoe-prostranstvo", "tag": "e1-pt10-mb8", "kegl": 38.0, "cena_kegl_pct": 0.0, "pereliv_h_px": 0.0, "pereliv_x_px": 0, "smeta_vlezaet": false, "brauzer_fits": true, "verstka_reshena": false, "t": "2026-08-14T14:38:19"}
{"sid": "dvojstvennyj-bazis", "tag": "e1-pt10-mb8", "kegl": 35.0, "cena_kegl_pct": 7.89, "pereliv_h_px": 0.0, "pereliv_x_px": 0, "smeta_vlezaet": false, "brauzer_fits": true, "verstka_reshena": false, "t": "2026-08-14T14:38:19"}
{"sid": "fundamentalnaya-gruppa", "tag": "e1-pt10-mb8", "kegl": 37.0, "cena_kegl_pct": 2.63, "pereliv_h_px": 0.0, "pereliv_x_px": 0, "smeta_vlezaet": false, "brauzer_fits": true, "verstka_reshena": false, "t": "2026-08-14T14:38:19"}
{"sid": "funktor", "tag": "e1-pt10-mb8", "kegl": 32.0, "cena_kegl_pct": 15.79, "pereliv_h_px": 0.0, "pereliv_x_px": 0, "smeta_vlezaet": true, "brauzer_fits": true, "verstka_reshena": true, "t": "2026-08-14T14:38:19"}
{"sid": "inyekcii", "tag": "e1-pt10-mb8", "kegl": 36.0, "cena_kegl_pct": 5.26, "pereliv_h_px": 0.0, "pereliv_x_px": 0, "smeta_vlezaet": true, "brauzer_fits": true, "verstka_reshena": false, "t": "2026-08-14T14:38:19"}
{"sid": "itogi", "tag": "e1-pt10-mb8", "kegl": 41.0, "cena_kegl_pct": -7.89, "pereliv_h_px": 0.0, "pereliv_x_px": 0, "smeta_vlezaet": true, "brauzer_fits": true, "verstka_reshena": false, "t": "2026-08-14T14:38:19"}
{"sid": "izomorfizm", "tag": "e1-pt10-mb8", "kegl": 37.0, "cena_kegl_pct": 2.63, "pereliv_h_px": 0.0, "pereliv_x_px": 0, "smeta_vlezaet": false, "brauzer_fits": true, "verstka_reshena": true, "t": "2026-08-14T14:38:19"}
{"sid": "kategoriya", "tag": "e1-pt10-mb8", "kegl": 28.0, "cena_kegl_pct": 26.32, "pereliv_h_px": 20.4, "pereliv_x_px": 0, "smeta_vlezaet": true, "brauzer_fits": false, "verstka_reshena": true, "t": "2026-08-14T14:38:19"}
{"sid": "kategoriya-vect-iso", "tag": "e1-pt10-mb8", "kegl": 39.0, "cena_kegl_pct": -2.63, "pereliv_h_px": 13.2, "pereliv_x_px": 0, "smeta_vlezaet": true, "brauzer_fits": false, "verstka_reshena": true, "t": "2026-08-14T14:38:19"}
{"sid": "moral-estestvennosti", "tag": "e1-pt10-mb8", "kegl": 38.0, "cena_kegl_pct": 0.0, "pereliv_h_px": 0.0, "pereliv_x_px": 0, "smeta_vlezaet": false, "brauzer_fits": true, "verstka_reshena": false, "t": "2026-08-14T14:38:19"}
{"sid": "napominanie", "tag": "e1-pt10-mb8", "kegl": 40.0, "cena_kegl_pct": -5.26, "pereliv_h_px": 0.0, "pereliv_x_px": 0, "smeta_vlezaet": false, "brauzer_fits": true, "verstka_reshena": false, "t": "2026-08-14T14:38:19"}
{"sid": "nekanonicheskij-izomorfizm", "tag": "e1-pt10-mb8", "kegl": 38.0, "cena_kegl_pct": 0.0, "pereliv_h_px": 0.0, "pereliv_x_px": 0, "smeta_vlezaet": true, "brauzer_fits": true, "verstka_reshena": false, "t": "2026-08-14T14:38:19"}
{"sid": "razdelitel-estestvennost", "tag": "e1-pt10-mb8", "propushcheno": "тип вёрстки 'razdelitel' текстовой зоны не имеет либо не поддержан сметой (поддержаны: polosa_gorizontalnaya, polosa_vertikalnaya, tolko_tekst)", "t": "2026-08-14T14:38:19"}
{"sid": "razdelitel-retrakty", "tag": "e1-pt10-mb8", "propushcheno": "тип вёрстки 'razdelitel' текстовой зоны не имеет либо не поддержан сметой (поддержаны: polosa_gorizontalnaya, polosa_vertikalnaya, tolko_tekst)", "t": "2026-08-14T14:38:19"}
{"sid": "retrakt", "tag": "e1-pt10-mb8", "kegl": 36.0, "cena_kegl_pct": 5.26, "pereliv_h_px": 0.0, "pereliv_x_px": 0, "smeta_vlezaet": false, "brauzer_fits": true, "verstka_reshena": false, "t": "2026-08-14T14:38:19"}
{"sid": "teorema-brauera", "tag": "e1-pt10-mb8", "kegl": 36.0, "cena_kegl_pct": 5.26, "pereliv_h_px": 0.0, "pereliv_x_px": 0, "smeta_vlezaet": false, "brauzer_fits": true, "verstka_reshena": false, "t": "2026-08-14T14:38:19"}
{"sid": "vektornye-prostranstva", "tag": "e1-pt10-mb8", "kegl": 38.0, "cena_kegl_pct": 0.0, "pereliv_h_px": 0.0, "pereliv_x_px": 0, "smeta_vlezaet": true, "brauzer_fits": true, "verstka_reshena": false, "t": "2026-08-14T14:38:19"}
{"sid": "zamena-bazisa", "tag": "e1-pt10-mb8", "kegl": 38.0, "cena_kegl_pct": 0.0, "pereliv_h_px": 0.0, "pereliv_x_px": 3, "smeta_vlezaet": false, "brauzer_fits": true, "verstka_reshena": false, "t": "2026-08-14T14:38:19"}
{"sid": "anons-dvojstvennogo", "tag": "e1-pt10-mb14", "kegl": 41.0, "cena_kegl_pct": -7.89, "pereliv_h_px": 0.0, "pereliv_x_px": 0, "smeta_vlezaet": true, "brauzer_fits": true, "verstka_reshena": false, "t": "2026-08-14T14:38:47"}
{"sid": "anons-retraktov", "tag": "e1-pt10-mb14", "kegl": 41.0, "cena_kegl_pct": -7.89, "pereliv_h_px": 0.0, "pereliv_x_px": 0, "smeta_vlezaet": true, "brauzer_fits": true, "verstka_reshena": false, "t": "2026-08-14T14:38:47"}
{"sid": "bazis-i-matricy", "tag": "e1-pt10-mb14", "kegl": 36.0, "cena_kegl_pct": 5.26, "pereliv_h_px": 0.0, "pereliv_x_px": 0, "smeta_vlezaet": false, "brauzer_fits": true, "verstka_reshena": false, "t": "2026-08-14T14:38:47"}
{"sid": "centr-gruppy", "tag": "e1-pt10-mb14", "kegl": 39.0, "cena_kegl_pct": -2.63, "pereliv_h_px": 0.0, "pereliv_x_px": 0, "smeta_vlezaet": false, "brauzer_fits": true, "verstka_reshena": false, "t": "2026-08-14T14:38:47"}
{"sid": "dvazhdy-dvojstvennoe", "tag": "e1-pt10-mb14", "kegl": 38.0, "cena_kegl_pct": 0.0, "pereliv_h_px": 0.0, "pereliv_x_px": 0, "smeta_vlezaet": false, "brauzer_fits": true, "verstka_reshena": false, "t": "2026-08-14T14:38:47"}
{"sid": "dvojstvennoe-prostranstvo", "tag": "e1-pt10-mb14", "kegl": 38.0, "cena_kegl_pct": 0.0, "pereliv_h_px": 0.0, "pereliv_x_px": 0, "smeta_vlezaet": false, "brauzer_fits": true, "verstka_reshena": false, "t": "2026-08-14T14:38:47"}
{"sid": "dvojstvennyj-bazis", "tag": "e1-pt10-mb14", "kegl": 35.0, "cena_kegl_pct": 7.89, "pereliv_h_px": 0.0, "pereliv_x_px": 0, "smeta_vlezaet": false, "brauzer_fits": true, "verstka_reshena": false, "t": "2026-08-14T14:38:47"}
{"sid": "fundamentalnaya-gruppa", "tag": "e1-pt10-mb14", "kegl": 37.0, "cena_kegl_pct": 2.63, "pereliv_h_px": 0.0, "pereliv_x_px": 0, "smeta_vlezaet": false, "brauzer_fits": true, "verstka_reshena": false, "t": "2026-08-14T14:38:47"}
{"sid": "funktor", "tag": "e1-pt10-mb14", "kegl": 32.0, "cena_kegl_pct": 15.79, "pereliv_h_px": 2.5, "pereliv_x_px": 0, "smeta_vlezaet": true, "brauzer_fits": false, "verstka_reshena": true, "t": "2026-08-14T14:38:47"}
{"sid": "inyekcii", "tag": "e1-pt10-mb14", "kegl": 36.0, "cena_kegl_pct": 5.26, "pereliv_h_px": 0.0, "pereliv_x_px": 0, "smeta_vlezaet": true, "brauzer_fits": true, "verstka_reshena": false, "t": "2026-08-14T14:38:47"}
{"sid": "itogi", "tag": "e1-pt10-mb14", "kegl": 41.0, "cena_kegl_pct": -7.89, "pereliv_h_px": 0.0, "pereliv_x_px": 0, "smeta_vlezaet": true, "brauzer_fits": true, "verstka_reshena": false, "t": "2026-08-14T14:38:47"}
{"sid": "izomorfizm", "tag": "e1-pt10-mb14", "kegl": 37.0, "cena_kegl_pct": 2.63, "pereliv_h_px": 0.0, "pereliv_x_px": 0, "smeta_vlezaet": false, "brauzer_fits": true, "verstka_reshena": true, "t": "2026-08-14T14:38:47"}
{"sid": "kategoriya", "tag": "e1-pt10-mb14", "kegl": 28.0, "cena_kegl_pct": 26.32, "pereliv_h_px": 20.4, "pereliv_x_px": 0, "smeta_vlezaet": true, "brauzer_fits": false, "verstka_reshena": true, "t": "2026-08-14T14:38:47"}
{"sid": "kategoriya-vect-iso", "tag": "e1-pt10-mb14", "kegl": 39.0, "cena_kegl_pct": -2.63, "pereliv_h_px": 19.1, "pereliv_x_px": 0, "smeta_vlezaet": true, "brauzer_fits": false, "verstka_reshena": true, "t": "2026-08-14T14:38:47"}
{"sid": "moral-estestvennosti", "tag": "e1-pt10-mb14", "kegl": 37.0, "cena_kegl_pct": 2.63, "pereliv_h_px": 0.0, "pereliv_x_px": 0, "smeta_vlezaet": false, "brauzer_fits": true, "verstka_reshena": false, "t": "2026-08-14T14:38:47"}
{"sid": "napominanie", "tag": "e1-pt10-mb14", "kegl": 40.0, "cena_kegl_pct": -5.26, "pereliv_h_px": 0.0, "pereliv_x_px": 0, "smeta_vlezaet": false, "brauzer_fits": true, "verstka_reshena": false, "t": "2026-08-14T14:38:47"}
{"sid": "nekanonicheskij-izomorfizm", "tag": "e1-pt10-mb14", "kegl": 38.0, "cena_kegl_pct": 0.0, "pereliv_h_px": 0.0, "pereliv_x_px": 0, "smeta_vlezaet": true, "brauzer_fits": true, "verstka_reshena": false, "t": "2026-08-14T14:38:47"}
{"sid": "razdelitel-estestvennost", "tag": "e1-pt10-mb14", "propushcheno": "тип вёрстки 'razdelitel' текстовой зоны не имеет либо не поддержан сметой (поддержаны: polosa_gorizontalnaya, polosa_vertikalnaya, tolko_tekst)", "t": "2026-08-14T14:38:47"}
{"sid": "razdelitel-retrakty", "tag": "e1-pt10-mb14", "propushcheno": "тип вёрстки 'razdelitel' текстовой зоны не имеет либо не поддержан сметой (поддержаны: polosa_gorizontalnaya, polosa_vertikalnaya, tolko_tekst)", "t": "2026-08-14T14:38:47"}
{"sid": "retrakt", "tag": "e1-pt10-mb14", "kegl": 35.0, "cena_kegl_pct": 7.89, "pereliv_h_px": 0.0, "pereliv_x_px": 0, "smeta_vlezaet": true, "brauzer_fits": true, "verstka_reshena": false, "t": "2026-08-14T14:38:47"}
{"sid": "teorema-brauera", "tag": "e1-pt10-mb14", "kegl": 36.0, "cena_kegl_pct": 5.26, "pereliv_h_px": 0.0, "pereliv_x_px": 0, "smeta_vlezaet": false, "brauzer_fits": true, "verstka_reshena": false, "t": "2026-08-14T14:38:47"}
{"sid": "vektornye-prostranstva", "tag": "e1-pt10-mb14", "kegl": 38.0, "cena_kegl_pct": 0.0, "pereliv_h_px": 0.0, "pereliv_x_px": 0, "smeta_vlezaet": true, "brauzer_fits": true, "verstka_reshena": false, "t": "2026-08-14T14:38:47"}
{"sid": "zamena-bazisa", "tag": "e1-pt10-mb14", "kegl": 38.0, "cena_kegl_pct": 0.0, "pereliv_h_px": 0.0, "pereliv_x_px": 3, "smeta_vlezaet": false, "brauzer_fits": true, "verstka_reshena": false, "t": "2026-08-14T14:38:47"}
{"sid": "anons-dvojstvennogo", "tag": "e1-pt16-mb8", "kegl": 41.0, "cena_kegl_pct": -7.89, "pereliv_h_px": 0.0, "pereliv_x_px": 0, "smeta_vlezaet": true, "brauzer_fits": true, "verstka_reshena": false, "t": "2026-08-14T14:39:16"}
{"sid": "anons-retraktov", "tag": "e1-pt16-mb8", "kegl": 41.0, "cena_kegl_pct": -7.89, "pereliv_h_px": 0.0, "pereliv_x_px": 0, "smeta_vlezaet": true, "brauzer_fits": true, "verstka_reshena": false, "t": "2026-08-14T14:39:16"}
{"sid": "bazis-i-matricy", "tag": "e1-pt16-mb8", "kegl": 36.0, "cena_kegl_pct": 5.26, "pereliv_h_px": 0.0, "pereliv_x_px": 0, "smeta_vlezaet": false, "brauzer_fits": true, "verstka_reshena": false, "t": "2026-08-14T14:39:16"}
{"sid": "centr-gruppy", "tag": "e1-pt16-mb8", "kegl": 39.0, "cena_kegl_pct": -2.63, "pereliv_h_px": 0.0, "pereliv_x_px": 0, "smeta_vlezaet": false, "brauzer_fits": true, "verstka_reshena": false, "t": "2026-08-14T14:39:16"}
{"sid": "dvazhdy-dvojstvennoe", "tag": "e1-pt16-mb8", "kegl": 38.0, "cena_kegl_pct": 0.0, "pereliv_h_px": 0.0, "pereliv_x_px": 0, "smeta_vlezaet": false, "brauzer_fits": true, "verstka_reshena": false, "t": "2026-08-14T14:39:16"}
{"sid": "dvojstvennoe-prostranstvo", "tag": "e1-pt16-mb8", "kegl": 38.0, "cena_kegl_pct": 0.0, "pereliv_h_px": 0.0, "pereliv_x_px": 0, "smeta_vlezaet": false, "brauzer_fits": true, "verstka_reshena": false, "t": "2026-08-14T14:39:16"}
{"sid": "dvojstvennyj-bazis", "tag": "e1-pt16-mb8", "kegl": 35.0, "cena_kegl_pct": 7.89, "pereliv_h_px": 0.0, "pereliv_x_px": 0, "smeta_vlezaet": false, "brauzer_fits": true, "verstka_reshena": false, "t": "2026-08-14T14:39:16"}
{"sid": "fundamentalnaya-gruppa", "tag": "e1-pt16-mb8", "kegl": 37.0, "cena_kegl_pct": 2.63, "pereliv_h_px": 0.0, "pereliv_x_px": 0, "smeta_vlezaet": false, "brauzer_fits": true, "verstka_reshena": false, "t": "2026-08-14T14:39:16"}
{"sid": "funktor", "tag": "e1-pt16-mb8", "kegl": 32.0, "cena_kegl_pct": 15.79, "pereliv_h_px": 2.5, "pereliv_x_px": 0, "smeta_vlezaet": true, "brauzer_fits": false, "verstka_reshena": true, "t": "2026-08-14T14:39:16"}
{"sid": "inyekcii", "tag": "e1-pt16-mb8", "kegl": 37.0, "cena_kegl_pct": 2.63, "pereliv_h_px": 0.0, "pereliv_x_px": 0, "smeta_vlezaet": true, "brauzer_fits": true, "verstka_reshena": false, "t": "2026-08-14T14:39:16"}
{"sid": "itogi", "tag": "e1-pt16-mb8", "kegl": 41.0, "cena_kegl_pct": -7.89, "pereliv_h_px": 0.0, "pereliv_x_px": 0, "smeta_vlezaet": true, "brauzer_fits": true, "verstka_reshena": false, "t": "2026-08-14T14:39:16"}
{"sid": "izomorfizm", "tag": "e1-pt16-mb8", "kegl": 37.0, "cena_kegl_pct": 2.63, "pereliv_h_px": 0.0, "pereliv_x_px": 0, "smeta_vlezaet": false, "brauzer_fits": true, "verstka_reshena": true, "t": "2026-08-14T14:39:16"}
{"sid": "kategoriya", "tag": "e1-pt16-mb8", "kegl": 28.0, "cena_kegl_pct": 26.32, "pereliv_h_px": 26.4, "pereliv_x_px": 0, "smeta_vlezaet": true, "brauzer_fits": false, "verstka_reshena": true, "t": "2026-08-14T14:39:16"}
{"sid": "kategoriya-vect-iso", "tag": "e1-pt16-mb8", "kegl": 39.0, "cena_kegl_pct": -2.63, "pereliv_h_px": 19.1, "pereliv_x_px": 0, "smeta_vlezaet": true, "brauzer_fits": false, "verstka_reshena": true, "t": "2026-08-14T14:39:16"}
{"sid": "moral-estestvennosti", "tag": "e1-pt16-mb8", "kegl": 37.0, "cena_kegl_pct": 2.63, "pereliv_h_px": 0.0, "pereliv_x_px": 0, "smeta_vlezaet": false, "brauzer_fits": true, "verstka_reshena": false, "t": "2026-08-14T14:39:16"}
{"sid": "napominanie", "tag": "e1-pt16-mb8", "kegl": 40.0, "cena_kegl_pct": -5.26, "pereliv_h_px": 0.0, "pereliv_x_px": 0, "smeta_vlezaet": false, "brauzer_fits": true, "verstka_reshena": false, "t": "2026-08-14T14:39:16"}
{"sid": "nekanonicheskij-izomorfizm", "tag": "e1-pt16-mb8", "kegl": 38.0, "cena_kegl_pct": 0.0, "pereliv_h_px": 0.0, "pereliv_x_px": 0, "smeta_vlezaet": true, "brauzer_fits": true, "verstka_reshena": false, "t": "2026-08-14T14:39:16"}
{"sid": "razdelitel-estestvennost", "tag": "e1-pt16-mb8", "propushcheno": "тип вёрстки 'razdelitel' текстовой зоны не имеет либо не поддержан сметой (поддержаны: polosa_gorizontalnaya, polosa_vertikalnaya, tolko_tekst)", "t": "2026-08-14T14:39:16"}
{"sid": "razdelitel-retrakty", "tag": "e1-pt16-mb8", "propushcheno": "тип вёрстки 'razdelitel' текстовой зоны не имеет либо не поддержан сметой (поддержаны: polosa_gorizontalnaya, polosa_vertikalnaya, tolko_tekst)", "t": "2026-08-14T14:39:16"}
{"sid": "retrakt", "tag": "e1-pt16-mb8", "kegl": 35.0, "cena_kegl_pct": 7.89, "pereliv_h_px": 0.0, "pereliv_x_px": 0, "smeta_vlezaet": true, "brauzer_fits": true, "verstka_reshena": false, "t": "2026-08-14T14:39:16"}
{"sid": "teorema-brauera", "tag": "e1-pt16-mb8", "kegl": 36.0, "cena_kegl_pct": 5.26, "pereliv_h_px": 0.0, "pereliv_x_px": 0, "smeta_vlezaet": false, "brauzer_fits": true, "verstka_reshena": false, "t": "2026-08-14T14:39:16"}
{"sid": "vektornye-prostranstva", "tag": "e1-pt16-mb8", "kegl": 37.0, "cena_kegl_pct": 2.63, "pereliv_h_px": 0.0, "pereliv_x_px": 0, "smeta_vlezaet": true, "brauzer_fits": true, "verstka_reshena": false, "t": "2026-08-14T14:39:16"}
{"sid": "zamena-bazisa", "tag": "e1-pt16-mb8", "kegl": 38.0, "cena_kegl_pct": 0.0, "pereliv_h_px": 0.0, "pereliv_x_px": 3, "smeta_vlezaet": false, "brauzer_fits": true, "verstka_reshena": false, "t": "2026-08-14T14:39:16"}
{"sid": "anons-dvojstvennogo", "tag": "e1-pt16-mb14", "kegl": 41.0, "cena_kegl_pct": -7.89, "pereliv_h_px": 0.0, "pereliv_x_px": 0, "smeta_vlezaet": true, "brauzer_fits": true, "verstka_reshena": false, "t": "2026-08-14T14:40:14"}
{"sid": "anons-retraktov", "tag": "e1-pt16-mb14", "kegl": 41.0, "cena_kegl_pct": -7.89, "pereliv_h_px": 0.0, "pereliv_x_px": 0, "smeta_vlezaet": true, "brauzer_fits": true, "verstka_reshena": false, "t": "2026-08-14T14:40:14"}
{"sid": "bazis-i-matricy", "tag": "e1-pt16-mb14", "kegl": 36.0, "cena_kegl_pct": 5.26, "pereliv_h_px": 0.0, "pereliv_x_px": 0, "smeta_vlezaet": false, "brauzer_fits": true, "verstka_reshena": false, "t": "2026-08-14T14:40:14"}
{"sid": "centr-gruppy", "tag": "e1-pt16-mb14", "kegl": 39.0, "cena_kegl_pct": -2.63, "pereliv_h_px": 0.0, "pereliv_x_px": 0, "smeta_vlezaet": false, "brauzer_fits": true, "verstka_reshena": false, "t": "2026-08-14T14:40:14"}
{"sid": "dvazhdy-dvojstvennoe", "tag": "e1-pt16-mb14", "kegl": 38.0, "cena_kegl_pct": 0.0, "pereliv_h_px": 0.0, "pereliv_x_px": 0, "smeta_vlezaet": false, "brauzer_fits": true, "verstka_reshena": false, "t": "2026-08-14T14:40:14"}
{"sid": "dvojstvennoe-prostranstvo", "tag": "e1-pt16-mb14", "kegl": 37.0, "cena_kegl_pct": 2.63, "pereliv_h_px": 0.0, "pereliv_x_px": 0, "smeta_vlezaet": false, "brauzer_fits": true, "verstka_reshena": false, "t": "2026-08-14T14:40:14"}
{"sid": "dvojstvennyj-bazis", "tag": "e1-pt16-mb14", "kegl": 36.0, "cena_kegl_pct": 5.26, "pereliv_h_px": 0.0, "pereliv_x_px": 0, "smeta_vlezaet": false, "brauzer_fits": true, "verstka_reshena": false, "t": "2026-08-14T14:40:14"}
{"sid": "fundamentalnaya-gruppa", "tag": "e1-pt16-mb14", "kegl": 37.0, "cena_kegl_pct": 2.63, "pereliv_h_px": 0.0, "pereliv_x_px": 0, "smeta_vlezaet": false, "brauzer_fits": true, "verstka_reshena": false, "t": "2026-08-14T14:40:14"}
{"sid": "funktor", "tag": "e1-pt16-mb14", "kegl": 32.0, "cena_kegl_pct": 15.79, "pereliv_h_px": 8.5, "pereliv_x_px": 0, "smeta_vlezaet": true, "brauzer_fits": false, "verstka_reshena": true, "t": "2026-08-14T14:40:14"}
{"sid": "inyekcii", "tag": "e1-pt16-mb14", "kegl": 37.0, "cena_kegl_pct": 2.63, "pereliv_h_px": 0.0, "pereliv_x_px": 0, "smeta_vlezaet": true, "brauzer_fits": true, "verstka_reshena": false, "t": "2026-08-14T14:40:14"}
{"sid": "itogi", "tag": "e1-pt16-mb14", "kegl": 41.0, "cena_kegl_pct": -7.89, "pereliv_h_px": 0.0, "pereliv_x_px": 0, "smeta_vlezaet": true, "brauzer_fits": true, "verstka_reshena": false, "t": "2026-08-14T14:40:14"}
{"sid": "izomorfizm", "tag": "e1-pt16-mb14", "kegl": 37.0, "cena_kegl_pct": 2.63, "pereliv_h_px": 0.0, "pereliv_x_px": 0, "smeta_vlezaet": false, "brauzer_fits": true, "verstka_reshena": true, "t": "2026-08-14T14:40:14"}
{"sid": "kategoriya", "tag": "e1-pt16-mb14", "kegl": 28.0, "cena_kegl_pct": 26.32, "pereliv_h_px": 26.4, "pereliv_x_px": 0, "smeta_vlezaet": true, "brauzer_fits": false, "verstka_reshena": true, "t": "2026-08-14T14:40:14"}
{"sid": "kategoriya-vect-iso", "tag": "e1-pt16-mb14", "kegl": 39.0, "cena_kegl_pct": -2.63, "pereliv_h_px": 25.1, "pereliv_x_px": 0, "smeta_vlezaet": true, "brauzer_fits": false, "verstka_reshena": true, "t": "2026-08-14T14:40:14"}
{"sid": "moral-estestvennosti", "tag": "e1-pt16-mb14", "kegl": 37.0, "cena_kegl_pct": 2.63, "pereliv_h_px": 0.0, "pereliv_x_px": 0, "smeta_vlezaet": false, "brauzer_fits": true, "verstka_reshena": false, "t": "2026-08-14T14:40:14"}
{"sid": "napominanie", "tag": "e1-pt16-mb14", "kegl": 40.0, "cena_kegl_pct": -5.26, "pereliv_h_px": 0.0, "pereliv_x_px": 0, "smeta_vlezaet": false, "brauzer_fits": true, "verstka_reshena": false, "t": "2026-08-14T14:40:14"}
{"sid": "nekanonicheskij-izomorfizm", "tag": "e1-pt16-mb14", "kegl": 38.0, "cena_kegl_pct": 0.0, "pereliv_h_px": 0.0, "pereliv_x_px": 0, "smeta_vlezaet": true, "brauzer_fits": true, "verstka_reshena": false, "t": "2026-08-14T14:40:14"}
{"sid": "razdelitel-estestvennost", "tag": "e1-pt16-mb14", "propushcheno": "тип вёрстки 'razdelitel' текстовой зоны не имеет либо не поддержан сметой (поддержаны: polosa_gorizontalnaya, polosa_vertikalnaya, tolko_tekst)", "t": "2026-08-14T14:40:14"}
{"sid": "razdelitel-retrakty", "tag": "e1-pt16-mb14", "propushcheno": "тип вёрстки 'razdelitel' текстовой зоны не имеет либо не поддержан сметой (поддержаны: polosa_gorizontalnaya, polosa_vertikalnaya, tolko_tekst)", "t": "2026-08-14T14:40:14"}
{"sid": "retrakt", "tag": "e1-pt16-mb14", "kegl": 35.0, "cena_kegl_pct": 7.89, "pereliv_h_px": 0.0, "pereliv_x_px": 0, "smeta_vlezaet": false, "brauzer_fits": true, "verstka_reshena": false, "t": "2026-08-14T14:40:14"}
{"sid": "teorema-brauera", "tag": "e1-pt16-mb14", "kegl": 36.0, "cena_kegl_pct": 5.26, "pereliv_h_px": 0.0, "pereliv_x_px": 0, "smeta_vlezaet": false, "brauzer_fits": true, "verstka_reshena": false, "t": "2026-08-14T14:40:14"}
{"sid": "vektornye-prostranstva", "tag": "e1-pt16-mb14", "kegl": 37.0, "cena_kegl_pct": 2.63, "pereliv_h_px": 0.0, "pereliv_x_px": 0, "smeta_vlezaet": true, "brauzer_fits": true, "verstka_reshena": false, "t": "2026-08-14T14:40:14"}
{"sid": "zamena-bazisa", "tag": "e1-pt16-mb14", "kegl": 38.0, "cena_kegl_pct": 0.0, "pereliv_h_px": 0.0, "pereliv_x_px": 3, "smeta_vlezaet": false, "brauzer_fits": true, "verstka_reshena": false, "t": "2026-08-14T14:40:14"}
{"sid": "anons-dvojstvennogo", "tag": "e1-pt20-mb8", "kegl": 41.0, "cena_kegl_pct": -7.89, "pereliv_h_px": 0.0, "pereliv_x_px": 0, "smeta_vlezaet": true, "brauzer_fits": true, "verstka_reshena": false, "t": "2026-08-14T14:40:42"}
{"sid": "anons-retraktov", "tag": "e1-pt20-mb8", "kegl": 41.0, "cena_kegl_pct": -7.89, "pereliv_h_px": 0.0, "pereliv_x_px": 0, "smeta_vlezaet": true, "brauzer_fits": true, "verstka_reshena": false, "t": "2026-08-14T14:40:42"}
{"sid": "bazis-i-matricy", "tag": "e1-pt20-mb8", "kegl": 36.0, "cena_kegl_pct": 5.26, "pereliv_h_px": 0.0, "pereliv_x_px": 0, "smeta_vlezaet": false, "brauzer_fits": true, "verstka_reshena": false, "t": "2026-08-14T14:40:42"}
{"sid": "centr-gruppy", "tag": "e1-pt20-mb8", "kegl": 38.0, "cena_kegl_pct": 0.0, "pereliv_h_px": 0.0, "pereliv_x_px": 0, "smeta_vlezaet": true, "brauzer_fits": true, "verstka_reshena": false, "t": "2026-08-14T14:40:42"}
{"sid": "dvazhdy-dvojstvennoe", "tag": "e1-pt20-mb8", "kegl": 38.0, "cena_kegl_pct": 0.0, "pereliv_h_px": 0.0, "pereliv_x_px": 0, "smeta_vlezaet": false, "brauzer_fits": true, "verstka_reshena": false, "t": "2026-08-14T14:40:42"}
{"sid": "dvojstvennoe-prostranstvo", "tag": "e1-pt20-mb8", "kegl": 38.0, "cena_kegl_pct": 0.0, "pereliv_h_px": 0.0, "pereliv_x_px": 0, "smeta_vlezaet": false, "brauzer_fits": true, "verstka_reshena": false, "t": "2026-08-14T14:40:42"}
{"sid": "dvojstvennyj-bazis", "tag": "e1-pt20-mb8", "kegl": 35.0, "cena_kegl_pct": 7.89, "pereliv_h_px": 0.0, "pereliv_x_px": 0, "smeta_vlezaet": false, "brauzer_fits": true, "verstka_reshena": false, "t": "2026-08-14T14:40:42"}
{"sid": "fundamentalnaya-gruppa", "tag": "e1-pt20-mb8", "kegl": 37.0, "cena_kegl_pct": 2.63, "pereliv_h_px": 0.0, "pereliv_x_px": 0, "smeta_vlezaet": false, "brauzer_fits": true, "verstka_reshena": false, "t": "2026-08-14T14:40:42"}
{"sid": "funktor", "tag": "e1-pt20-mb8", "kegl": 32.0, "cena_kegl_pct": 15.79, "pereliv_h_px": 6.5, "pereliv_x_px": 0, "smeta_vlezaet": true, "brauzer_fits": false, "verstka_reshena": true, "t": "2026-08-14T14:40:42"}
{"sid": "inyekcii", "tag": "e1-pt20-mb8", "kegl": 38.0, "cena_kegl_pct": 0.0, "pereliv_h_px": 0.0, "pereliv_x_px": 0, "smeta_vlezaet": false, "brauzer_fits": true, "verstka_reshena": false, "t": "2026-08-14T14:40:42"}
{"sid": "itogi", "tag": "e1-pt20-mb8", "kegl": 41.0, "cena_kegl_pct": -7.89, "pereliv_h_px": 0.0, "pereliv_x_px": 0, "smeta_vlezaet": true, "brauzer_fits": true, "verstka_reshena": false, "t": "2026-08-14T14:40:42"}
{"sid": "izomorfizm", "tag": "e1-pt20-mb8", "kegl": 37.0, "cena_kegl_pct": 2.63, "pereliv_h_px": 0.0, "pereliv_x_px": 0, "smeta_vlezaet": false, "brauzer_fits": true, "verstka_reshena": true, "t": "2026-08-14T14:40:42"}
{"sid": "kategoriya", "tag": "e1-pt20-mb8", "kegl": 28.0, "cena_kegl_pct": 26.32, "pereliv_h_px": 30.4, "pereliv_x_px": 0, "smeta_vlezaet": true, "brauzer_fits": false, "verstka_reshena": true, "t": "2026-08-14T14:40:42"}
{"sid": "kategoriya-vect-iso", "tag": "e1-pt20-mb8", "kegl": 39.0, "cena_kegl_pct": -2.63, "pereliv_h_px": 23.1, "pereliv_x_px": 0, "smeta_vlezaet": true, "brauzer_fits": false, "verstka_reshena": true, "t": "2026-08-14T14:40:42"}
{"sid": "moral-estestvennosti", "tag": "e1-pt20-mb8", "kegl": 37.0, "cena_kegl_pct": 2.63, "pereliv_h_px": 0.0, "pereliv_x_px": 0, "smeta_vlezaet": false, "brauzer_fits": true, "verstka_reshena": false, "t": "2026-08-14T14:40:42"}
{"sid": "napominanie", "tag": "e1-pt20-mb8", "kegl": 40.0, "cena_kegl_pct": -5.26, "pereliv_h_px": 0.0, "pereliv_x_px": 0, "smeta_vlezaet": false, "brauzer_fits": true, "verstka_reshena": false, "t": "2026-08-14T14:40:42"}
{"sid": "nekanonicheskij-izomorfizm", "tag": "e1-pt20-mb8", "kegl": 38.0, "cena_kegl_pct": 0.0, "pereliv_h_px": 0.0, "pereliv_x_px": 0, "smeta_vlezaet": true, "brauzer_fits": true, "verstka_reshena": false, "t": "2026-08-14T14:40:42"}
{"sid": "razdelitel-estestvennost", "tag": "e1-pt20-mb8", "propushcheno": "тип вёрстки 'razdelitel' текстовой зоны не имеет либо не поддержан сметой (поддержаны: polosa_gorizontalnaya, polosa_vertikalnaya, tolko_tekst)", "t": "2026-08-14T14:40:42"}
{"sid": "razdelitel-retrakty", "tag": "e1-pt20-mb8", "propushcheno": "тип вёрстки 'razdelitel' текстовой зоны не имеет либо не поддержан сметой (поддержаны: polosa_gorizontalnaya, polosa_vertikalnaya, tolko_tekst)", "t": "2026-08-14T14:40:42"}
{"sid": "retrakt", "tag": "e1-pt20-mb8", "kegl": 35.0, "cena_kegl_pct": 7.89, "pereliv_h_px": 0.0, "pereliv_x_px": 0, "smeta_vlezaet": true, "brauzer_fits": true, "verstka_reshena": false, "t": "2026-08-14T14:40:42"}
{"sid": "teorema-brauera", "tag": "e1-pt20-mb8", "kegl": 36.0, "cena_kegl_pct": 5.26, "pereliv_h_px": 0.0, "pereliv_x_px": 0, "smeta_vlezaet": false, "brauzer_fits": true, "verstka_reshena": false, "t": "2026-08-14T14:40:42"}
{"sid": "vektornye-prostranstva", "tag": "e1-pt20-mb8", "kegl": 37.0, "cena_kegl_pct": 2.63, "pereliv_h_px": 0.0, "pereliv_x_px": 0, "smeta_vlezaet": true, "brauzer_fits": true, "verstka_reshena": false, "t": "2026-08-14T14:40:42"}
{"sid": "zamena-bazisa", "tag": "e1-pt20-mb8", "kegl": 38.0, "cena_kegl_pct": 0.0, "pereliv_h_px": 0.0, "pereliv_x_px": 3, "smeta_vlezaet": false, "brauzer_fits": true, "verstka_reshena": false, "t": "2026-08-14T14:40:42"}
{"sid": "anons-dvojstvennogo", "tag": "e1-pt20-mb14", "kegl": 41.0, "cena_kegl_pct": -7.89, "pereliv_h_px": 0.0, "pereliv_x_px": 0, "smeta_vlezaet": true, "brauzer_fits": true, "verstka_reshena": false, "t": "2026-08-14T14:41:10"}
{"sid": "anons-retraktov", "tag": "e1-pt20-mb14", "kegl": 41.0, "cena_kegl_pct": -7.89, "pereliv_h_px": 0.0, "pereliv_x_px": 0, "smeta_vlezaet": true, "brauzer_fits": true, "verstka_reshena": false, "t": "2026-08-14T14:41:10"}
{"sid": "bazis-i-matricy", "tag": "e1-pt20-mb14", "kegl": 36.0, "cena_kegl_pct": 5.26, "pereliv_h_px": 0.0, "pereliv_x_px": 0, "smeta_vlezaet": false, "brauzer_fits": true, "verstka_reshena": false, "t": "2026-08-14T14:41:10"}
{"sid": "centr-gruppy", "tag": "e1-pt20-mb14", "kegl": 38.0, "cena_kegl_pct": 0.0, "pereliv_h_px": 0.0, "pereliv_x_px": 0, "smeta_vlezaet": true, "brauzer_fits": true, "verstka_reshena": false, "t": "2026-08-14T14:41:10"}
{"sid": "dvazhdy-dvojstvennoe", "tag": "e1-pt20-mb14", "kegl": 38.0, "cena_kegl_pct": 0.0, "pereliv_h_px": 0.0, "pereliv_x_px": 0, "smeta_vlezaet": false, "brauzer_fits": true, "verstka_reshena": false, "t": "2026-08-14T14:41:10"}
{"sid": "dvojstvennoe-prostranstvo", "tag": "e1-pt20-mb14", "kegl": 37.0, "cena_kegl_pct": 2.63, "pereliv_h_px": 0.0, "pereliv_x_px": 0, "smeta_vlezaet": false, "brauzer_fits": true, "verstka_reshena": false, "t": "2026-08-14T14:41:10"}
{"sid": "dvojstvennyj-bazis", "tag": "e1-pt20-mb14", "kegl": 36.0, "cena_kegl_pct": 5.26, "pereliv_h_px": 0.0, "pereliv_x_px": 0, "smeta_vlezaet": false, "brauzer_fits": true, "verstka_reshena": false, "t": "2026-08-14T14:41:10"}
{"sid": "fundamentalnaya-gruppa", "tag": "e1-pt20-mb14", "kegl": 37.0, "cena_kegl_pct": 2.63, "pereliv_h_px": 0.0, "pereliv_x_px": 0, "smeta_vlezaet": false, "brauzer_fits": true, "verstka_reshena": false, "t": "2026-08-14T14:41:10"}
{"sid": "funktor", "tag": "e1-pt20-mb14", "kegl": 32.0, "cena_kegl_pct": 15.79, "pereliv_h_px": 12.5, "pereliv_x_px": 0, "smeta_vlezaet": true, "brauzer_fits": false, "verstka_reshena": true, "t": "2026-08-14T14:41:10"}
{"sid": "inyekcii", "tag": "e1-pt20-mb14", "kegl": 38.0, "cena_kegl_pct": 0.0, "pereliv_h_px": 0.0, "pereliv_x_px": 0, "smeta_vlezaet": false, "brauzer_fits": true, "verstka_reshena": false, "t": "2026-08-14T14:41:10"}
{"sid": "itogi", "tag": "e1-pt20-mb14", "kegl": 41.0, "cena_kegl_pct": -7.89, "pereliv_h_px": 0.0, "pereliv_x_px": 0, "smeta_vlezaet": true, "brauzer_fits": true, "verstka_reshena": false, "t": "2026-08-14T14:41:10"}
{"sid": "izomorfizm", "tag": "e1-pt20-mb14", "kegl": 37.0, "cena_kegl_pct": 2.63, "pereliv_h_px": 0.0, "pereliv_x_px": 0, "smeta_vlezaet": false, "brauzer_fits": true, "verstka_reshena": true, "t": "2026-08-14T14:41:10"}
{"sid": "kategoriya", "tag": "e1-pt20-mb14", "kegl": 28.0, "cena_kegl_pct": 26.32, "pereliv_h_px": 30.4, "pereliv_x_px": 0, "smeta_vlezaet": true, "brauzer_fits": false, "verstka_reshena": true, "t": "2026-08-14T14:41:10"}
{"sid": "kategoriya-vect-iso", "tag": "e1-pt20-mb14", "kegl": 39.0, "cena_kegl_pct": -2.63, "pereliv_h_px": 29.1, "pereliv_x_px": 0, "smeta_vlezaet": true, "brauzer_fits": false, "verstka_reshena": true, "t": "2026-08-14T14:41:10"}
{"sid": "moral-estestvennosti", "tag": "e1-pt20-mb14", "kegl": 37.0, "cena_kegl_pct": 2.63, "pereliv_h_px": 0.0, "pereliv_x_px": 0, "smeta_vlezaet": false, "brauzer_fits": true, "verstka_reshena": false, "t": "2026-08-14T14:41:10"}
{"sid": "napominanie", "tag": "e1-pt20-mb14", "kegl": 40.0, "cena_kegl_pct": -5.26, "pereliv_h_px": 0.0, "pereliv_x_px": 0, "smeta_vlezaet": false, "brauzer_fits": true, "verstka_reshena": false, "t": "2026-08-14T14:41:10"}
{"sid": "nekanonicheskij-izomorfizm", "tag": "e1-pt20-mb14", "kegl": 38.0, "cena_kegl_pct": 0.0, "pereliv_h_px": 0.0, "pereliv_x_px": 0, "smeta_vlezaet": true, "brauzer_fits": true, "verstka_reshena": false, "t": "2026-08-14T14:41:10"}
{"sid": "razdelitel-estestvennost", "tag": "e1-pt20-mb14", "propushcheno": "тип вёрстки 'razdelitel' текстовой зоны не имеет либо не поддержан сметой (поддержаны: polosa_gorizontalnaya, polosa_vertikalnaya, tolko_tekst)", "t": "2026-08-14T14:41:10"}
{"sid": "razdelitel-retrakty", "tag": "e1-pt20-mb14", "propushcheno": "тип вёрстки 'razdelitel' текстовой зоны не имеет либо не поддержан сметой (поддержаны: polosa_gorizontalnaya, polosa_vertikalnaya, tolko_tekst)", "t": "2026-08-14T14:41:10"}
{"sid": "retrakt", "tag": "e1-pt20-mb14", "kegl": 36.0, "cena_kegl_pct": 5.26, "pereliv_h_px": 0.0, "pereliv_x_px": 0, "smeta_vlezaet": false, "brauzer_fits": true, "verstka_reshena": false, "t": "2026-08-14T14:41:10"}
{"sid": "teorema-brauera", "tag": "e1-pt20-mb14", "kegl": 36.0, "cena_kegl_pct": 5.26, "pereliv_h_px": 0.0, "pereliv_x_px": 0, "smeta_vlezaet": false, "brauzer_fits": true, "verstka_reshena": false, "t": "2026-08-14T14:41:10"}
{"sid": "vektornye-prostranstva", "tag": "e1-pt20-mb14", "kegl": 37.0, "cena_kegl_pct": 2.63, "pereliv_h_px": 0.0, "pereliv_x_px": 0, "smeta_vlezaet": true, "brauzer_fits": true, "verstka_reshena": false, "t": "2026-08-14T14:41:10"}
{"sid": "zamena-bazisa", "tag": "e1-pt20-mb14", "kegl": 38.0, "cena_kegl_pct": 0.0, "pereliv_h_px": 0.0, "pereliv_x_px": 3, "smeta_vlezaet": false, "brauzer_fits": true, "verstka_reshena": false, "t": "2026-08-14T14:41:10"}
{"sid": "anons-dvojstvennogo", "tag": "e1-pt4-mb4", "kegl": 41.0, "cena_kegl_pct": -7.89, "pereliv_h_px": 0.0, "pereliv_x_px": 0, "smeta_vlezaet": true, "brauzer_fits": true, "verstka_reshena": false, "t": "2026-08-14T14:44:47"}
{"sid": "anons-retraktov", "tag": "e1-pt4-mb4", "kegl": 41.0, "cena_kegl_pct": -7.89, "pereliv_h_px": 0.0, "pereliv_x_px": 0, "smeta_vlezaet": true, "brauzer_fits": true, "verstka_reshena": false, "t": "2026-08-14T14:44:47"}
{"sid": "bazis-i-matricy", "tag": "e1-pt4-mb4", "kegl": 40.0, "cena_kegl_pct": -5.26, "pereliv_h_px": 0.0, "pereliv_x_px": 0, "smeta_vlezaet": false, "brauzer_fits": true, "verstka_reshena": false, "t": "2026-08-14T14:44:47"}
{"sid": "centr-gruppy", "tag": "e1-pt4-mb4", "kegl": 40.0, "cena_kegl_pct": -5.26, "pereliv_h_px": 0.0, "pereliv_x_px": 0, "smeta_vlezaet": false, "brauzer_fits": true, "verstka_reshena": false, "t": "2026-08-14T14:44:47"}
{"sid": "dvazhdy-dvojstvennoe", "tag": "e1-pt4-mb4", "kegl": 39.0, "cena_kegl_pct": -2.63, "pereliv_h_px": 0.0, "pereliv_x_px": 0, "smeta_vlezaet": false, "brauzer_fits": true, "verstka_reshena": false, "t": "2026-08-14T14:44:47"}
{"sid": "dvojstvennoe-prostranstvo", "tag": "e1-pt4-mb4", "kegl": 39.0, "cena_kegl_pct": -2.63, "pereliv_h_px": 0.0, "pereliv_x_px": 0, "smeta_vlezaet": false, "brauzer_fits": true, "verstka_reshena": false, "t": "2026-08-14T14:44:47"}
{"sid": "dvojstvennyj-bazis", "tag": "e1-pt4-mb4", "kegl": 37.0, "cena_kegl_pct": 2.63, "pereliv_h_px": 0.0, "pereliv_x_px": 0, "smeta_vlezaet": false, "brauzer_fits": true, "verstka_reshena": false, "t": "2026-08-14T14:44:47"}
{"sid": "fundamentalnaya-gruppa", "tag": "e1-pt4-mb4", "kegl": 38.0, "cena_kegl_pct": 0.0, "pereliv_h_px": 0.0, "pereliv_x_px": 0, "smeta_vlezaet": false, "brauzer_fits": true, "verstka_reshena": false, "t": "2026-08-14T14:44:47"}
{"sid": "funktor", "tag": "e1-pt4-mb4", "kegl": 32.0, "cena_kegl_pct": 15.79, "pereliv_h_px": 0.0, "pereliv_x_px": 0, "smeta_vlezaet": true, "brauzer_fits": true, "verstka_reshena": true, "t": "2026-08-14T14:44:47"}
{"sid": "inyekcii", "tag": "e1-pt4-mb4", "kegl": 38.0, "cena_kegl_pct": 0.0, "pereliv_h_px": 0.0, "pereliv_x_px": 0, "smeta_vlezaet": false, "brauzer_fits": true, "verstka_reshena": false, "t": "2026-08-14T14:44:47"}
{"sid": "itogi", "tag": "e1-pt4-mb4", "kegl": 41.0, "cena_kegl_pct": -7.89, "pereliv_h_px": 0.0, "pereliv_x_px": 0, "smeta_vlezaet": true, "brauzer_fits": true, "verstka_reshena": false, "t": "2026-08-14T14:44:47"}
{"sid": "izomorfizm", "tag": "e1-pt4-mb4", "kegl": 37.0, "cena_kegl_pct": 2.63, "pereliv_h_px": 0.0, "pereliv_x_px": 0, "smeta_vlezaet": false, "brauzer_fits": true, "verstka_reshena": true, "t": "2026-08-14T14:44:47"}
{"sid": "kategoriya", "tag": "e1-pt4-mb4", "kegl": 28.0, "cena_kegl_pct": 26.32, "pereliv_h_px": 14.5, "pereliv_x_px": 0, "smeta_vlezaet": true, "brauzer_fits": false, "verstka_reshena": true, "t": "2026-08-14T14:44:47"}
{"sid": "kategoriya-vect-iso", "tag": "e1-pt4-mb4", "kegl": 39.0, "cena_kegl_pct": -2.63, "pereliv_h_px": 3.2, "pereliv_x_px": 0, "smeta_vlezaet": true, "brauzer_fits": false, "verstka_reshena": true, "t": "2026-08-14T14:44:47"}
{"sid": "moral-estestvennosti", "tag": "e1-pt4-mb4", "kegl": 38.0, "cena_kegl_pct": 0.0, "pereliv_h_px": 0.0, "pereliv_x_px": 0, "smeta_vlezaet": false, "brauzer_fits": true, "verstka_reshena": false, "t": "2026-08-14T14:44:47"}
{"sid": "napominanie", "tag": "e1-pt4-mb4", "kegl": 40.0, "cena_kegl_pct": -5.26, "pereliv_h_px": 0.0, "pereliv_x_px": 0, "smeta_vlezaet": false, "brauzer_fits": true, "verstka_reshena": false, "t": "2026-08-14T14:44:47"}
{"sid": "nekanonicheskij-izomorfizm", "tag": "e1-pt4-mb4", "kegl": 38.0, "cena_kegl_pct": 0.0, "pereliv_h_px": 0.0, "pereliv_x_px": 0, "smeta_vlezaet": false, "brauzer_fits": true, "verstka_reshena": false, "t": "2026-08-14T14:44:47"}
{"sid": "razdelitel-estestvennost", "tag": "e1-pt4-mb4", "propushcheno": "тип вёрстки 'razdelitel' текстовой зоны не имеет либо не поддержан сметой (поддержаны: polosa_gorizontalnaya, polosa_vertikalnaya, tolko_tekst)", "t": "2026-08-14T14:44:47"}
{"sid": "razdelitel-retrakty", "tag": "e1-pt4-mb4", "propushcheno": "тип вёрстки 'razdelitel' текстовой зоны не имеет либо не поддержан сметой (поддержаны: polosa_gorizontalnaya, polosa_vertikalnaya, tolko_tekst)", "t": "2026-08-14T14:44:47"}
{"sid": "retrakt", "tag": "e1-pt4-mb4", "kegl": 35.0, "cena_kegl_pct": 7.89, "pereliv_h_px": 0.0, "pereliv_x_px": 0, "smeta_vlezaet": false, "brauzer_fits": true, "verstka_reshena": false, "t": "2026-08-14T14:44:47"}
{"sid": "teorema-brauera", "tag": "e1-pt4-mb4", "kegl": 36.0, "cena_kegl_pct": 5.26, "pereliv_h_px": 0.0, "pereliv_x_px": 0, "smeta_vlezaet": false, "brauzer_fits": true, "verstka_reshena": false, "t": "2026-08-14T14:44:47"}
{"sid": "vektornye-prostranstva", "tag": "e1-pt4-mb4", "kegl": 37.0, "cena_kegl_pct": 2.63, "pereliv_h_px": 0.0, "pereliv_x_px": 0, "smeta_vlezaet": true, "brauzer_fits": true, "verstka_reshena": false, "t": "2026-08-14T14:44:47"}
{"sid": "zamena-bazisa", "tag": "e1-pt4-mb4", "kegl": 38.0, "cena_kegl_pct": 0.0, "pereliv_h_px": 0.0, "pereliv_x_px": 3, "smeta_vlezaet": false, "brauzer_fits": true, "verstka_reshena": false, "t": "2026-08-14T14:44:47"}
{"sid": "anons-dvojstvennogo", "tag": "e1-pt6-mb6", "kegl": 41.0, "cena_kegl_pct": -7.89, "pereliv_h_px": 0.0, "pereliv_x_px": 0, "smeta_vlezaet": true, "brauzer_fits": true, "verstka_reshena": false, "t": "2026-08-14T14:45:15"}
{"sid": "anons-retraktov", "tag": "e1-pt6-mb6", "kegl": 41.0, "cena_kegl_pct": -7.89, "pereliv_h_px": 0.0, "pereliv_x_px": 0, "smeta_vlezaet": true, "brauzer_fits": true, "verstka_reshena": false, "t": "2026-08-14T14:45:15"}
{"sid": "bazis-i-matricy", "tag": "e1-pt6-mb6", "kegl": 39.0, "cena_kegl_pct": -2.63, "pereliv_h_px": 0.0, "pereliv_x_px": 0, "smeta_vlezaet": false, "brauzer_fits": true, "verstka_reshena": false, "t": "2026-08-14T14:45:15"}
{"sid": "centr-gruppy", "tag": "e1-pt6-mb6", "kegl": 39.0, "cena_kegl_pct": -2.63, "pereliv_h_px": 0.0, "pereliv_x_px": 0, "smeta_vlezaet": false, "brauzer_fits": true, "verstka_reshena": false, "t": "2026-08-14T14:45:15"}
{"sid": "dvazhdy-dvojstvennoe", "tag": "e1-pt6-mb6", "kegl": 39.0, "cena_kegl_pct": -2.63, "pereliv_h_px": 0.0, "pereliv_x_px": 0, "smeta_vlezaet": false, "brauzer_fits": true, "verstka_reshena": false, "t": "2026-08-14T14:45:15"}
{"sid": "dvojstvennoe-prostranstvo", "tag": "e1-pt6-mb6", "kegl": 39.0, "cena_kegl_pct": -2.63, "pereliv_h_px": 0.0, "pereliv_x_px": 0, "smeta_vlezaet": false, "brauzer_fits": true, "verstka_reshena": false, "t": "2026-08-14T14:45:15"}
{"sid": "dvojstvennyj-bazis", "tag": "e1-pt6-mb6", "kegl": 36.0, "cena_kegl_pct": 5.26, "pereliv_h_px": 0.0, "pereliv_x_px": 0, "smeta_vlezaet": false, "brauzer_fits": true, "verstka_reshena": false, "t": "2026-08-14T14:45:15"}
{"sid": "fundamentalnaya-gruppa", "tag": "e1-pt6-mb6", "kegl": 38.0, "cena_kegl_pct": 0.0, "pereliv_h_px": 0.0, "pereliv_x_px": 0, "smeta_vlezaet": false, "brauzer_fits": true, "verstka_reshena": false, "t": "2026-08-14T14:45:15"}
{"sid": "funktor", "tag": "e1-pt6-mb6", "kegl": 32.0, "cena_kegl_pct": 15.79, "pereliv_h_px": 0.0, "pereliv_x_px": 0, "smeta_vlezaet": true, "brauzer_fits": true, "verstka_reshena": true, "t": "2026-08-14T14:45:15"}
{"sid": "inyekcii", "tag": "e1-pt6-mb6", "kegl": 38.0, "cena_kegl_pct": 0.0, "pereliv_h_px": 0.0, "pereliv_x_px": 0, "smeta_vlezaet": false, "brauzer_fits": true, "verstka_reshena": false, "t": "2026-08-14T14:45:15"}
{"sid": "itogi", "tag": "e1-pt6-mb6", "kegl": 41.0, "cena_kegl_pct": -7.89, "pereliv_h_px": 0.0, "pereliv_x_px": 0, "smeta_vlezaet": true, "brauzer_fits": true, "verstka_reshena": false, "t": "2026-08-14T14:45:15"}
{"sid": "izomorfizm", "tag": "e1-pt6-mb6", "kegl": 37.0, "cena_kegl_pct": 2.63, "pereliv_h_px": 0.0, "pereliv_x_px": 0, "smeta_vlezaet": false, "brauzer_fits": true, "verstka_reshena": true, "t": "2026-08-14T14:45:15"}
{"sid": "kategoriya", "tag": "e1-pt6-mb6", "kegl": 28.0, "cena_kegl_pct": 26.32, "pereliv_h_px": 16.5, "pereliv_x_px": 0, "smeta_vlezaet": true, "brauzer_fits": false, "verstka_reshena": true, "t": "2026-08-14T14:45:15"}
{"sid": "kategoriya-vect-iso", "tag": "e1-pt6-mb6", "kegl": 39.0, "cena_kegl_pct": -2.63, "pereliv_h_px": 7.2, "pereliv_x_px": 0, "smeta_vlezaet": true, "brauzer_fits": false, "verstka_reshena": true, "t": "2026-08-14T14:45:15"}
{"sid": "moral-estestvennosti", "tag": "e1-pt6-mb6", "kegl": 38.0, "cena_kegl_pct": 0.0, "pereliv_h_px": 0.0, "pereliv_x_px": 0, "smeta_vlezaet": false, "brauzer_fits": true, "verstka_reshena": false, "t": "2026-08-14T14:45:15"}
{"sid": "napominanie", "tag": "e1-pt6-mb6", "kegl": 40.0, "cena_kegl_pct": -5.26, "pereliv_h_px": 0.0, "pereliv_x_px": 0, "smeta_vlezaet": false, "brauzer_fits": true, "verstka_reshena": false, "t": "2026-08-14T14:45:15"}
{"sid": "nekanonicheskij-izomorfizm", "tag": "e1-pt6-mb6", "kegl": 38.0, "cena_kegl_pct": 0.0, "pereliv_h_px": 0.0, "pereliv_x_px": 0, "smeta_vlezaet": false, "brauzer_fits": true, "verstka_reshena": false, "t": "2026-08-14T14:45:15"}
{"sid": "razdelitel-estestvennost", "tag": "e1-pt6-mb6", "propushcheno": "тип вёрстки 'razdelitel' текстовой зоны не имеет либо не поддержан сметой (поддержаны: polosa_gorizontalnaya, polosa_vertikalnaya, tolko_tekst)", "t": "2026-08-14T14:45:15"}
{"sid": "razdelitel-retrakty", "tag": "e1-pt6-mb6", "propushcheno": "тип вёрстки 'razdelitel' текстовой зоны не имеет либо не поддержан сметой (поддержаны: polosa_gorizontalnaya, polosa_vertikalnaya, tolko_tekst)", "t": "2026-08-14T14:45:15"}
{"sid": "retrakt", "tag": "e1-pt6-mb6", "kegl": 35.0, "cena_kegl_pct": 7.89, "pereliv_h_px": 0.0, "pereliv_x_px": 0, "smeta_vlezaet": false, "brauzer_fits": true, "verstka_reshena": false, "t": "2026-08-14T14:45:15"}
{"sid": "teorema-brauera", "tag": "e1-pt6-mb6", "kegl": 36.0, "cena_kegl_pct": 5.26, "pereliv_h_px": 0.0, "pereliv_x_px": 0, "smeta_vlezaet": false, "brauzer_fits": true, "verstka_reshena": false, "t": "2026-08-14T14:45:15"}
{"sid": "vektornye-prostranstva", "tag": "e1-pt6-mb6", "kegl": 37.0, "cena_kegl_pct": 2.63, "pereliv_h_px": 0.0, "pereliv_x_px": 0, "smeta_vlezaet": true, "brauzer_fits": true, "verstka_reshena": false, "t": "2026-08-14T14:45:15"}
{"sid": "zamena-bazisa", "tag": "e1-pt6-mb6", "kegl": 38.0, "cena_kegl_pct": 0.0, "pereliv_h_px": 0.0, "pereliv_x_px": 3, "smeta_vlezaet": false, "brauzer_fits": true, "verstka_reshena": false, "t": "2026-08-14T14:45:15"}
{"sid": "anons-dvojstvennogo", "tag": "e1-pt8-mb6", "kegl": 41.0, "cena_kegl_pct": -7.89, "pereliv_h_px": 0.0, "pereliv_x_px": 0, "smeta_vlezaet": true, "brauzer_fits": true, "verstka_reshena": false, "t": "2026-08-14T14:45:44"}
{"sid": "anons-retraktov", "tag": "e1-pt8-mb6", "kegl": 41.0, "cena_kegl_pct": -7.89, "pereliv_h_px": 0.0, "pereliv_x_px": 0, "smeta_vlezaet": true, "brauzer_fits": true, "verstka_reshena": false, "t": "2026-08-14T14:45:44"}
{"sid": "bazis-i-matricy", "tag": "e1-pt8-mb6", "kegl": 39.0, "cena_kegl_pct": -2.63, "pereliv_h_px": 0.0, "pereliv_x_px": 0, "smeta_vlezaet": false, "brauzer_fits": true, "verstka_reshena": false, "t": "2026-08-14T14:45:44"}
{"sid": "centr-gruppy", "tag": "e1-pt8-mb6", "kegl": 39.0, "cena_kegl_pct": -2.63, "pereliv_h_px": 0.0, "pereliv_x_px": 0, "smeta_vlezaet": false, "brauzer_fits": true, "verstka_reshena": false, "t": "2026-08-14T14:45:44"}
{"sid": "dvazhdy-dvojstvennoe", "tag": "e1-pt8-mb6", "kegl": 38.0, "cena_kegl_pct": 0.0, "pereliv_h_px": 0.0, "pereliv_x_px": 0, "smeta_vlezaet": false, "brauzer_fits": true, "verstka_reshena": false, "t": "2026-08-14T14:45:44"}
{"sid": "dvojstvennoe-prostranstvo", "tag": "e1-pt8-mb6", "kegl": 37.0, "cena_kegl_pct": 2.63, "pereliv_h_px": 0.0, "pereliv_x_px": 0, "smeta_vlezaet": false, "brauzer_fits": true, "verstka_reshena": false, "t": "2026-08-14T14:45:44"}
{"sid": "dvojstvennyj-bazis", "tag": "e1-pt8-mb6", "kegl": 36.0, "cena_kegl_pct": 5.26, "pereliv_h_px": 0.0, "pereliv_x_px": 0, "smeta_vlezaet": false, "brauzer_fits": true, "verstka_reshena": false, "t": "2026-08-14T14:45:44"}
{"sid": "fundamentalnaya-gruppa", "tag": "e1-pt8-mb6", "kegl": 38.0, "cena_kegl_pct": 0.0, "pereliv_h_px": 0.0, "pereliv_x_px": 0, "smeta_vlezaet": false, "brauzer_fits": true, "verstka_reshena": false, "t": "2026-08-14T14:45:44"}
{"sid": "funktor", "tag": "e1-pt8-mb6", "kegl": 32.0, "cena_kegl_pct": 15.79, "pereliv_h_px": 0.0, "pereliv_x_px": 0, "smeta_vlezaet": true, "brauzer_fits": true, "verstka_reshena": true, "t": "2026-08-14T14:45:44"}
{"sid": "inyekcii", "tag": "e1-pt8-mb6", "kegl": 36.0, "cena_kegl_pct": 5.26, "pereliv_h_px": 0.0, "pereliv_x_px": 0, "smeta_vlezaet": true, "brauzer_fits": true, "verstka_reshena": false, "t": "2026-08-14T14:45:44"}
{"sid": "itogi", "tag": "e1-pt8-mb6", "kegl": 41.0, "cena_kegl_pct": -7.89, "pereliv_h_px": 0.0, "pereliv_x_px": 0, "smeta_vlezaet": true, "brauzer_fits": true, "verstka_reshena": false, "t": "2026-08-14T14:45:44"}
{"sid": "izomorfizm", "tag": "e1-pt8-mb6", "kegl": 37.0, "cena_kegl_pct": 2.63, "pereliv_h_px": 0.0, "pereliv_x_px": 0, "smeta_vlezaet": false, "brauzer_fits": true, "verstka_reshena": true, "t": "2026-08-14T14:45:44"}
{"sid": "kategoriya", "tag": "e1-pt8-mb6", "kegl": 28.0, "cena_kegl_pct": 26.32, "pereliv_h_px": 18.4, "pereliv_x_px": 0, "smeta_vlezaet": true, "brauzer_fits": false, "verstka_reshena": true, "t": "2026-08-14T14:45:44"}
{"sid": "kategoriya-vect-iso", "tag": "e1-pt8-mb6", "kegl": 39.0, "cena_kegl_pct": -2.63, "pereliv_h_px": 9.2, "pereliv_x_px": 0, "smeta_vlezaet": true, "brauzer_fits": false, "verstka_reshena": true, "t": "2026-08-14T14:45:44"}
{"sid": "moral-estestvennosti", "tag": "e1-pt8-mb6", "kegl": 38.0, "cena_kegl_pct": 0.0, "pereliv_h_px": 0.0, "pereliv_x_px": 0, "smeta_vlezaet": false, "brauzer_fits": true, "verstka_reshena": false, "t": "2026-08-14T14:45:44"}
{"sid": "napominanie", "tag": "e1-pt8-mb6", "kegl": 40.0, "cena_kegl_pct": -5.26, "pereliv_h_px": 0.0, "pereliv_x_px": 0, "smeta_vlezaet": false, "brauzer_fits": true, "verstka_reshena": false, "t": "2026-08-14T14:45:44"}
{"sid": "nekanonicheskij-izomorfizm", "tag": "e1-pt8-mb6", "kegl": 38.0, "cena_kegl_pct": 0.0, "pereliv_h_px": 0.0, "pereliv_x_px": 0, "smeta_vlezaet": true, "brauzer_fits": true, "verstka_reshena": false, "t": "2026-08-14T14:45:44"}
{"sid": "razdelitel-estestvennost", "tag": "e1-pt8-mb6", "propushcheno": "тип вёрстки 'razdelitel' текстовой зоны не имеет либо не поддержан сметой (поддержаны: polosa_gorizontalnaya, polosa_vertikalnaya, tolko_tekst)", "t": "2026-08-14T14:45:44"}
{"sid": "razdelitel-retrakty", "tag": "e1-pt8-mb6", "propushcheno": "тип вёрстки 'razdelitel' текстовой зоны не имеет либо не поддержан сметой (поддержаны: polosa_gorizontalnaya, polosa_vertikalnaya, tolko_tekst)", "t": "2026-08-14T14:45:44"}
{"sid": "retrakt", "tag": "e1-pt8-mb6", "kegl": 36.0, "cena_kegl_pct": 5.26, "pereliv_h_px": 0.0, "pereliv_x_px": 0, "smeta_vlezaet": false, "brauzer_fits": true, "verstka_reshena": false, "t": "2026-08-14T14:45:44"}
{"sid": "teorema-brauera", "tag": "e1-pt8-mb6", "kegl": 35.0, "cena_kegl_pct": 7.89, "pereliv_h_px": 0.0, "pereliv_x_px": 0, "smeta_vlezaet": false, "brauzer_fits": true, "verstka_reshena": false, "t": "2026-08-14T14:45:44"}
{"sid": "vektornye-prostranstva", "tag": "e1-pt8-mb6", "kegl": 37.0, "cena_kegl_pct": 2.63, "pereliv_h_px": 0.0, "pereliv_x_px": 0, "smeta_vlezaet": true, "brauzer_fits": true, "verstka_reshena": false, "t": "2026-08-14T14:45:44"}
{"sid": "zamena-bazisa", "tag": "e1-pt8-mb6", "kegl": 38.0, "cena_kegl_pct": 0.0, "pereliv_h_px": 0.0, "pereliv_x_px": 3, "smeta_vlezaet": false, "brauzer_fits": true, "verstka_reshena": false, "t": "2026-08-14T14:45:44"}
{"sid": "anons-dvojstvennogo", "tag": "e1-pt10-mb8", "kegl": 41.0, "cena_kegl_pct": -7.89, "pereliv_h_px": 0.0, "pereliv_x_px": 0, "smeta_vlezaet": true, "brauzer_fits": true, "verstka_reshena": false, "t": "2026-08-14T14:46:13"}
{"sid": "anons-retraktov", "tag": "e1-pt10-mb8", "kegl": 41.0, "cena_kegl_pct": -7.89, "pereliv_h_px": 0.0, "pereliv_x_px": 0, "smeta_vlezaet": true, "brauzer_fits": true, "verstka_reshena": false, "t": "2026-08-14T14:46:13"}
{"sid": "bazis-i-matricy", "tag": "e1-pt10-mb8", "kegl": 39.0, "cena_kegl_pct": -2.63, "pereliv_h_px": 0.0, "pereliv_x_px": 0, "smeta_vlezaet": false, "brauzer_fits": true, "verstka_reshena": false, "t": "2026-08-14T14:46:13"}
{"sid": "centr-gruppy", "tag": "e1-pt10-mb8", "kegl": 39.0, "cena_kegl_pct": -2.63, "pereliv_h_px": 0.0, "pereliv_x_px": 0, "smeta_vlezaet": false, "brauzer_fits": true, "verstka_reshena": false, "t": "2026-08-14T14:46:13"}
{"sid": "dvazhdy-dvojstvennoe", "tag": "e1-pt10-mb8", "kegl": 38.0, "cena_kegl_pct": 0.0, "pereliv_h_px": 0.0, "pereliv_x_px": 0, "smeta_vlezaet": false, "brauzer_fits": true, "verstka_reshena": false, "t": "2026-08-14T14:46:13"}
{"sid": "dvojstvennoe-prostranstvo", "tag": "e1-pt10-mb8", "kegl": 38.0, "cena_kegl_pct": 0.0, "pereliv_h_px": 0.0, "pereliv_x_px": 0, "smeta_vlezaet": false, "brauzer_fits": true, "verstka_reshena": false, "t": "2026-08-14T14:46:13"}
{"sid": "dvojstvennyj-bazis", "tag": "e1-pt10-mb8", "kegl": 35.0, "cena_kegl_pct": 7.89, "pereliv_h_px": 0.0, "pereliv_x_px": 0, "smeta_vlezaet": false, "brauzer_fits": true, "verstka_reshena": false, "t": "2026-08-14T14:46:13"}
{"sid": "fundamentalnaya-gruppa", "tag": "e1-pt10-mb8", "kegl": 37.0, "cena_kegl_pct": 2.63, "pereliv_h_px": 0.0, "pereliv_x_px": 0, "smeta_vlezaet": false, "brauzer_fits": true, "verstka_reshena": false, "t": "2026-08-14T14:46:13"}
{"sid": "funktor", "tag": "e1-pt10-mb8", "kegl": 32.0, "cena_kegl_pct": 15.79, "pereliv_h_px": 0.0, "pereliv_x_px": 0, "smeta_vlezaet": true, "brauzer_fits": true, "verstka_reshena": true, "t": "2026-08-14T14:46:13"}
{"sid": "inyekcii", "tag": "e1-pt10-mb8", "kegl": 36.0, "cena_kegl_pct": 5.26, "pereliv_h_px": 0.0, "pereliv_x_px": 0, "smeta_vlezaet": true, "brauzer_fits": true, "verstka_reshena": false, "t": "2026-08-14T14:46:13"}
{"sid": "itogi", "tag": "e1-pt10-mb8", "kegl": 41.0, "cena_kegl_pct": -7.89, "pereliv_h_px": 0.0, "pereliv_x_px": 0, "smeta_vlezaet": true, "brauzer_fits": true, "verstka_reshena": false, "t": "2026-08-14T14:46:13"}
{"sid": "izomorfizm", "tag": "e1-pt10-mb8", "kegl": 37.0, "cena_kegl_pct": 2.63, "pereliv_h_px": 0.0, "pereliv_x_px": 0, "smeta_vlezaet": false, "brauzer_fits": true, "verstka_reshena": true, "t": "2026-08-14T14:46:13"}
{"sid": "kategoriya", "tag": "e1-pt10-mb8", "kegl": 28.0, "cena_kegl_pct": 26.32, "pereliv_h_px": 20.4, "pereliv_x_px": 0, "smeta_vlezaet": true, "brauzer_fits": false, "verstka_reshena": true, "t": "2026-08-14T14:46:13"}
{"sid": "kategoriya-vect-iso", "tag": "e1-pt10-mb8", "kegl": 39.0, "cena_kegl_pct": -2.63, "pereliv_h_px": 13.2, "pereliv_x_px": 0, "smeta_vlezaet": true, "brauzer_fits": false, "verstka_reshena": true, "t": "2026-08-14T14:46:13"}
{"sid": "moral-estestvennosti", "tag": "e1-pt10-mb8", "kegl": 38.0, "cena_kegl_pct": 0.0, "pereliv_h_px": 0.0, "pereliv_x_px": 0, "smeta_vlezaet": false, "brauzer_fits": true, "verstka_reshena": false, "t": "2026-08-14T14:46:13"}
{"sid": "napominanie", "tag": "e1-pt10-mb8", "kegl": 40.0, "cena_kegl_pct": -5.26, "pereliv_h_px": 0.0, "pereliv_x_px": 0, "smeta_vlezaet": false, "brauzer_fits": true, "verstka_reshena": false, "t": "2026-08-14T14:46:13"}
{"sid": "nekanonicheskij-izomorfizm", "tag": "e1-pt10-mb8", "kegl": 38.0, "cena_kegl_pct": 0.0, "pereliv_h_px": 0.0, "pereliv_x_px": 0, "smeta_vlezaet": true, "brauzer_fits": true, "verstka_reshena": false, "t": "2026-08-14T14:46:13"}
{"sid": "razdelitel-estestvennost", "tag": "e1-pt10-mb8", "propushcheno": "тип вёрстки 'razdelitel' текстовой зоны не имеет либо не поддержан сметой (поддержаны: polosa_gorizontalnaya, polosa_vertikalnaya, tolko_tekst)", "t": "2026-08-14T14:46:13"}
{"sid": "razdelitel-retrakty", "tag": "e1-pt10-mb8", "propushcheno": "тип вёрстки 'razdelitel' текстовой зоны не имеет либо не поддержан сметой (поддержаны: polosa_gorizontalnaya, polosa_vertikalnaya, tolko_tekst)", "t": "2026-08-14T14:46:13"}
{"sid": "retrakt", "tag": "e1-pt10-mb8", "kegl": 36.0, "cena_kegl_pct": 5.26, "pereliv_h_px": 0.0, "pereliv_x_px": 0, "smeta_vlezaet": false, "brauzer_fits": true, "verstka_reshena": false, "t": "2026-08-14T14:46:13"}
{"sid": "teorema-brauera", "tag": "e1-pt10-mb8", "kegl": 36.0, "cena_kegl_pct": 5.26, "pereliv_h_px": 0.0, "pereliv_x_px": 0, "smeta_vlezaet": false, "brauzer_fits": true, "verstka_reshena": false, "t": "2026-08-14T14:46:13"}
{"sid": "vektornye-prostranstva", "tag": "e1-pt10-mb8", "kegl": 38.0, "cena_kegl_pct": 0.0, "pereliv_h_px": 0.0, "pereliv_x_px": 0, "smeta_vlezaet": true, "brauzer_fits": true, "verstka_reshena": false, "t": "2026-08-14T14:46:13"}
{"sid": "zamena-bazisa", "tag": "e1-pt10-mb8", "kegl": 38.0, "cena_kegl_pct": 0.0, "pereliv_h_px": 0.0, "pereliv_x_px": 3, "smeta_vlezaet": false, "brauzer_fits": true, "verstka_reshena": false, "t": "2026-08-14T14:46:13"}
{"sid": "anons-dvojstvennogo", "tag": "e2-ps52-pb46", "kegl": 41.0, "cena_kegl_pct": -7.89, "pereliv_h_px": 0.0, "pereliv_x_px": 0, "smeta_vlezaet": true, "brauzer_fits": true, "verstka_reshena": false, "t": "2026-08-14T14:48:43"}
{"sid": "anons-retraktov", "tag": "e2-ps52-pb46", "kegl": 41.0, "cena_kegl_pct": -7.89, "pereliv_h_px": 0.0, "pereliv_x_px": 0, "smeta_vlezaet": true, "brauzer_fits": true, "verstka_reshena": false, "t": "2026-08-14T14:48:43"}
{"sid": "bazis-i-matricy", "tag": "e2-ps52-pb46", "kegl": 40.0, "cena_kegl_pct": -5.26, "pereliv_h_px": 0.0, "pereliv_x_px": 0, "smeta_vlezaet": false, "brauzer_fits": true, "verstka_reshena": false, "t": "2026-08-14T14:48:43"}
{"sid": "centr-gruppy", "tag": "e2-ps52-pb46", "kegl": 40.0, "cena_kegl_pct": -5.26, "pereliv_h_px": 0.0, "pereliv_x_px": 0, "smeta_vlezaet": false, "brauzer_fits": true, "verstka_reshena": false, "t": "2026-08-14T14:48:43"}
{"sid": "dvazhdy-dvojstvennoe", "tag": "e2-ps52-pb46", "kegl": 39.0, "cena_kegl_pct": -2.63, "pereliv_h_px": 0.0, "pereliv_x_px": 0, "smeta_vlezaet": false, "brauzer_fits": true, "verstka_reshena": false, "t": "2026-08-14T14:48:43"}
{"sid": "dvojstvennoe-prostranstvo", "tag": "e2-ps52-pb46", "kegl": 39.0, "cena_kegl_pct": -2.63, "pereliv_h_px": 0.0, "pereliv_x_px": 0, "smeta_vlezaet": false, "brauzer_fits": true, "verstka_reshena": false, "t": "2026-08-14T14:48:43"}
{"sid": "dvojstvennyj-bazis", "tag": "e2-ps52-pb46", "kegl": 37.0, "cena_kegl_pct": 2.63, "pereliv_h_px": 0.0, "pereliv_x_px": 0, "smeta_vlezaet": false, "brauzer_fits": true, "verstka_reshena": false, "t": "2026-08-14T14:48:43"}
{"sid": "fundamentalnaya-gruppa", "tag": "e2-ps52-pb46", "kegl": 38.0, "cena_kegl_pct": 0.0, "pereliv_h_px": 0.0, "pereliv_x_px": 0, "smeta_vlezaet": false, "brauzer_fits": true, "verstka_reshena": false, "t": "2026-08-14T14:48:43"}
{"sid": "funktor", "tag": "e2-ps52-pb46", "kegl": 32.0, "cena_kegl_pct": 15.79, "pereliv_h_px": 0.0, "pereliv_x_px": 0, "smeta_vlezaet": true, "brauzer_fits": true, "verstka_reshena": true, "t": "2026-08-14T14:48:43"}
{"sid": "inyekcii", "tag": "e2-ps52-pb46", "kegl": 38.0, "cena_kegl_pct": 0.0, "pereliv_h_px": 0.0, "pereliv_x_px": 0, "smeta_vlezaet": false, "brauzer_fits": true, "verstka_reshena": false, "t": "2026-08-14T14:48:43"}
{"sid": "itogi", "tag": "e2-ps52-pb46", "kegl": 41.0, "cena_kegl_pct": -7.89, "pereliv_h_px": 0.0, "pereliv_x_px": 0, "smeta_vlezaet": true, "brauzer_fits": true, "verstka_reshena": false, "t": "2026-08-14T14:48:43"}
{"sid": "izomorfizm", "tag": "e2-ps52-pb46", "kegl": 37.0, "cena_kegl_pct": 2.63, "pereliv_h_px": 0.0, "pereliv_x_px": 0, "smeta_vlezaet": false, "brauzer_fits": true, "verstka_reshena": true, "t": "2026-08-14T14:48:43"}
{"sid": "kategoriya", "tag": "e2-ps52-pb46", "kegl": 28.0, "cena_kegl_pct": 26.32, "pereliv_h_px": 14.5, "pereliv_x_px": 0, "smeta_vlezaet": true, "brauzer_fits": false, "verstka_reshena": true, "t": "2026-08-14T14:48:43"}
{"sid": "kategoriya-vect-iso", "tag": "e2-ps52-pb46", "kegl": 39.0, "cena_kegl_pct": -2.63, "pereliv_h_px": 3.2, "pereliv_x_px": 0, "smeta_vlezaet": true, "brauzer_fits": false, "verstka_reshena": true, "t": "2026-08-14T14:48:43"}
{"sid": "moral-estestvennosti", "tag": "e2-ps52-pb46", "kegl": 38.0, "cena_kegl_pct": 0.0, "pereliv_h_px": 0.0, "pereliv_x_px": 0, "smeta_vlezaet": false, "brauzer_fits": true, "verstka_reshena": false, "t": "2026-08-14T14:48:43"}
{"sid": "napominanie", "tag": "e2-ps52-pb46", "kegl": 40.0, "cena_kegl_pct": -5.26, "pereliv_h_px": 0.0, "pereliv_x_px": 0, "smeta_vlezaet": false, "brauzer_fits": true, "verstka_reshena": false, "t": "2026-08-14T14:48:43"}
{"sid": "nekanonicheskij-izomorfizm", "tag": "e2-ps52-pb46", "kegl": 38.0, "cena_kegl_pct": 0.0, "pereliv_h_px": 0.0, "pereliv_x_px": 0, "smeta_vlezaet": false, "brauzer_fits": true, "verstka_reshena": false, "t": "2026-08-14T14:48:43"}
{"sid": "razdelitel-estestvennost", "tag": "e2-ps52-pb46", "propushcheno": "тип вёрстки 'razdelitel' текстовой зоны не имеет либо не поддержан сметой (поддержаны: polosa_gorizontalnaya, polosa_vertikalnaya, tolko_tekst)", "t": "2026-08-14T14:48:43"}
{"sid": "razdelitel-retrakty", "tag": "e2-ps52-pb46", "propushcheno": "тип вёрстки 'razdelitel' текстовой зоны не имеет либо не поддержан сметой (поддержаны: polosa_gorizontalnaya, polosa_vertikalnaya, tolko_tekst)", "t": "2026-08-14T14:48:43"}
{"sid": "retrakt", "tag": "e2-ps52-pb46", "kegl": 35.0, "cena_kegl_pct": 7.89, "pereliv_h_px": 0.0, "pereliv_x_px": 0, "smeta_vlezaet": false, "brauzer_fits": true, "verstka_reshena": false, "t": "2026-08-14T14:48:43"}
{"sid": "teorema-brauera", "tag": "e2-ps52-pb46", "kegl": 36.0, "cena_kegl_pct": 5.26, "pereliv_h_px": 0.0, "pereliv_x_px": 0, "smeta_vlezaet": false, "brauzer_fits": true, "verstka_reshena": false, "t": "2026-08-14T14:48:43"}
{"sid": "vektornye-prostranstva", "tag": "e2-ps52-pb46", "kegl": 37.0, "cena_kegl_pct": 2.63, "pereliv_h_px": 0.0, "pereliv_x_px": 0, "smeta_vlezaet": true, "brauzer_fits": true, "verstka_reshena": false, "t": "2026-08-14T14:48:43"}
{"sid": "zamena-bazisa", "tag": "e2-ps52-pb46", "kegl": 38.0, "cena_kegl_pct": 0.0, "pereliv_h_px": 0.0, "pereliv_x_px": 3, "smeta_vlezaet": false, "brauzer_fits": true, "verstka_reshena": false, "t": "2026-08-14T14:48:43"}
{"sid": "anons-dvojstvennogo", "tag": "e2-ps40-pb32", "kegl": 41.0, "cena_kegl_pct": -7.89, "pereliv_h_px": 0.0, "pereliv_x_px": 0, "smeta_vlezaet": true, "brauzer_fits": true, "verstka_reshena": false, "t": "2026-08-14T14:49:11"}
{"sid": "anons-retraktov", "tag": "e2-ps40-pb32", "kegl": 41.0, "cena_kegl_pct": -7.89, "pereliv_h_px": 0.0, "pereliv_x_px": 0, "smeta_vlezaet": true, "brauzer_fits": true, "verstka_reshena": false, "t": "2026-08-14T14:49:11"}
{"sid": "bazis-i-matricy", "tag": "e2-ps40-pb32", "kegl": 40.0, "cena_kegl_pct": -5.26, "pereliv_h_px": 0.0, "pereliv_x_px": 0, "smeta_vlezaet": false, "brauzer_fits": true, "verstka_reshena": false, "t": "2026-08-14T14:49:11"}
{"sid": "centr-gruppy", "tag": "e2-ps40-pb32", "kegl": 40.0, "cena_kegl_pct": -5.26, "pereliv_h_px": 0.0, "pereliv_x_px": 0, "smeta_vlezaet": false, "brauzer_fits": true, "verstka_reshena": false, "t": "2026-08-14T14:49:11"}
{"sid": "dvazhdy-dvojstvennoe", "tag": "e2-ps40-pb32", "kegl": 39.0, "cena_kegl_pct": -2.63, "pereliv_h_px": 0.0, "pereliv_x_px": 0, "smeta_vlezaet": false, "brauzer_fits": true, "verstka_reshena": false, "t": "2026-08-14T14:49:11"}
{"sid": "dvojstvennoe-prostranstvo", "tag": "e2-ps40-pb32", "kegl": 38.0, "cena_kegl_pct": 0.0, "pereliv_h_px": 0.0, "pereliv_x_px": 0, "smeta_vlezaet": false, "brauzer_fits": true, "verstka_reshena": false, "t": "2026-08-14T14:49:11"}
{"sid": "dvojstvennyj-bazis", "tag": "e2-ps40-pb32", "kegl": 38.0, "cena_kegl_pct": 0.0, "pereliv_h_px": 0.0, "pereliv_x_px": 0, "smeta_vlezaet": false, "brauzer_fits": true, "verstka_reshena": false, "t": "2026-08-14T14:49:11"}
{"sid": "fundamentalnaya-gruppa", "tag": "e2-ps40-pb32", "kegl": 38.0, "cena_kegl_pct": 0.0, "pereliv_h_px": 0.0, "pereliv_x_px": 0, "smeta_vlezaet": false, "brauzer_fits": true, "verstka_reshena": false, "t": "2026-08-14T14:49:11"}
{"sid": "funktor", "tag": "e2-ps40-pb32", "kegl": 32.0, "cena_kegl_pct": 15.79, "pereliv_h_px": 0.0, "pereliv_x_px": 0, "smeta_vlezaet": true, "brauzer_fits": true, "verstka_reshena": true, "t": "2026-08-14T14:49:11"}
{"sid": "inyekcii", "tag": "e2-ps40-pb32", "kegl": 36.0, "cena_kegl_pct": 5.26, "pereliv_h_px": 0.0, "pereliv_x_px": 0, "smeta_vlezaet": true, "brauzer_fits": true, "verstka_reshena": false, "t": "2026-08-14T14:49:11"}
{"sid": "itogi", "tag": "e2-ps40-pb32", "kegl": 41.0, "cena_kegl_pct": -7.89, "pereliv_h_px": 0.0, "pereliv_x_px": 0, "smeta_vlezaet": true, "brauzer_fits": true, "verstka_reshena": false, "t": "2026-08-14T14:49:11"}
{"sid": "izomorfizm", "tag": "e2-ps40-pb32", "kegl": 37.0, "cena_kegl_pct": 2.63, "pereliv_h_px": 0.0, "pereliv_x_px": 0, "smeta_vlezaet": false, "brauzer_fits": true, "verstka_reshena": true, "t": "2026-08-14T14:49:11"}
{"sid": "kategoriya", "tag": "e2-ps40-pb32", "kegl": 28.0, "cena_kegl_pct": 26.32, "pereliv_h_px": 0.5, "pereliv_x_px": 0, "smeta_vlezaet": true, "brauzer_fits": false, "verstka_reshena": true, "t": "2026-08-14T14:49:11"}
{"sid": "kategoriya-vect-iso", "tag": "e2-ps40-pb32", "kegl": 39.0, "cena_kegl_pct": -2.63, "pereliv_h_px": 0.0, "pereliv_x_px": 0, "smeta_vlezaet": true, "brauzer_fits": true, "verstka_reshena": true, "t": "2026-08-14T14:49:11"}
{"sid": "moral-estestvennosti", "tag": "e2-ps40-pb32", "kegl": 37.0, "cena_kegl_pct": 2.63, "pereliv_h_px": 0.0, "pereliv_x_px": 0, "smeta_vlezaet": false, "brauzer_fits": true, "verstka_reshena": false, "t": "2026-08-14T14:49:11"}
{"sid": "napominanie", "tag": "e2-ps40-pb32", "kegl": 41.0, "cena_kegl_pct": -7.89, "pereliv_h_px": 0.0, "pereliv_x_px": 0, "smeta_vlezaet": false, "brauzer_fits": true, "verstka_reshena": false, "t": "2026-08-14T14:49:11"}
{"sid": "nekanonicheskij-izomorfizm", "tag": "e2-ps40-pb32", "kegl": 39.0, "cena_kegl_pct": -2.63, "pereliv_h_px": 0.0, "pereliv_x_px": 0, "smeta_vlezaet": false, "brauzer_fits": true, "verstka_reshena": false, "t": "2026-08-14T14:49:11"}
{"sid": "razdelitel-estestvennost", "tag": "e2-ps40-pb32", "propushcheno": "тип вёрстки 'razdelitel' текстовой зоны не имеет либо не поддержан сметой (поддержаны: polosa_gorizontalnaya, polosa_vertikalnaya, tolko_tekst)", "t": "2026-08-14T14:49:11"}
{"sid": "razdelitel-retrakty", "tag": "e2-ps40-pb32", "propushcheno": "тип вёрстки 'razdelitel' текстовой зоны не имеет либо не поддержан сметой (поддержаны: polosa_gorizontalnaya, polosa_vertikalnaya, tolko_tekst)", "t": "2026-08-14T14:49:11"}
{"sid": "retrakt", "tag": "e2-ps40-pb32", "kegl": 36.0, "cena_kegl_pct": 5.26, "pereliv_h_px": 0.0, "pereliv_x_px": 0, "smeta_vlezaet": false, "brauzer_fits": true, "verstka_reshena": false, "t": "2026-08-14T14:49:11"}
{"sid": "teorema-brauera", "tag": "e2-ps40-pb32", "kegl": 37.0, "cena_kegl_pct": 2.63, "pereliv_h_px": 0.0, "pereliv_x_px": 0, "smeta_vlezaet": false, "brauzer_fits": true, "verstka_reshena": false, "t": "2026-08-14T14:49:11"}
{"sid": "vektornye-prostranstva", "tag": "e2-ps40-pb32", "kegl": 37.0, "cena_kegl_pct": 2.63, "pereliv_h_px": 0.0, "pereliv_x_px": 0, "smeta_vlezaet": false, "brauzer_fits": true, "verstka_reshena": false, "t": "2026-08-14T14:49:11"}
{"sid": "zamena-bazisa", "tag": "e2-ps40-pb32", "kegl": 39.0, "cena_kegl_pct": -2.63, "pereliv_h_px": 0.0, "pereliv_x_px": 4, "smeta_vlezaet": false, "brauzer_fits": true, "verstka_reshena": false, "t": "2026-08-14T14:49:11"}
{"sid": "anons-dvojstvennogo", "tag": "e2-ps32-pb24", "kegl": 41.0, "cena_kegl_pct": -7.89, "pereliv_h_px": 0.0, "pereliv_x_px": 0, "smeta_vlezaet": true, "brauzer_fits": true, "verstka_reshena": false, "t": "2026-08-14T14:49:41"}
{"sid": "anons-retraktov", "tag": "e2-ps32-pb24", "kegl": 41.0, "cena_kegl_pct": -7.89, "pereliv_h_px": 0.0, "pereliv_x_px": 0, "smeta_vlezaet": true, "brauzer_fits": true, "verstka_reshena": false, "t": "2026-08-14T14:49:41"}
{"sid": "bazis-i-matricy", "tag": "e2-ps32-pb24", "kegl": 37.0, "cena_kegl_pct": 2.63, "pereliv_h_px": 0.0, "pereliv_x_px": 0, "smeta_vlezaet": false, "brauzer_fits": true, "verstka_reshena": false, "t": "2026-08-14T14:49:41"}
{"sid": "centr-gruppy", "tag": "e2-ps32-pb24", "kegl": 40.0, "cena_kegl_pct": -5.26, "pereliv_h_px": 0.0, "pereliv_x_px": 0, "smeta_vlezaet": false, "brauzer_fits": true, "verstka_reshena": false, "t": "2026-08-14T14:49:41"}
{"sid": "dvazhdy-dvojstvennoe", "tag": "e2-ps32-pb24", "kegl": 39.0, "cena_kegl_pct": -2.63, "pereliv_h_px": 0.0, "pereliv_x_px": 0, "smeta_vlezaet": false, "brauzer_fits": true, "verstka_reshena": false, "t": "2026-08-14T14:49:41"}
{"sid": "dvojstvennoe-prostranstvo", "tag": "e2-ps32-pb24", "kegl": 39.0, "cena_kegl_pct": -2.63, "pereliv_h_px": 0.0, "pereliv_x_px": 0, "smeta_vlezaet": false, "brauzer_fits": true, "verstka_reshena": false, "t": "2026-08-14T14:49:41"}
{"sid": "dvojstvennyj-bazis", "tag": "e2-ps32-pb24", "kegl": 38.0, "cena_kegl_pct": 0.0, "pereliv_h_px": 0.0, "pereliv_x_px": 0, "smeta_vlezaet": false, "brauzer_fits": true, "verstka_reshena": false, "t": "2026-08-14T14:49:41"}
{"sid": "fundamentalnaya-gruppa", "tag": "e2-ps32-pb24", "kegl": 38.0, "cena_kegl_pct": 0.0, "pereliv_h_px": 0.0, "pereliv_x_px": 0, "smeta_vlezaet": false, "brauzer_fits": true, "verstka_reshena": false, "t": "2026-08-14T14:49:41"}
{"sid": "funktor", "tag": "e2-ps32-pb24", "kegl": 32.0, "cena_kegl_pct": 15.79, "pereliv_h_px": 0.0, "pereliv_x_px": 0, "smeta_vlezaet": true, "brauzer_fits": true, "verstka_reshena": true, "t": "2026-08-14T14:49:41"}
{"sid": "inyekcii", "tag": "e2-ps32-pb24", "kegl": 38.0, "cena_kegl_pct": 0.0, "pereliv_h_px": 0.0, "pereliv_x_px": 0, "smeta_vlezaet": false, "brauzer_fits": true, "verstka_reshena": false, "t": "2026-08-14T14:49:41"}
{"sid": "itogi", "tag": "e2-ps32-pb24", "kegl": 41.0, "cena_kegl_pct": -7.89, "pereliv_h_px": 0.0, "pereliv_x_px": 0, "smeta_vlezaet": true, "brauzer_fits": true, "verstka_reshena": false, "t": "2026-08-14T14:49:41"}
{"sid": "izomorfizm", "tag": "e2-ps32-pb24", "kegl": 37.0, "cena_kegl_pct": 2.63, "pereliv_h_px": 0.0, "pereliv_x_px": 0, "smeta_vlezaet": false, "brauzer_fits": true, "verstka_reshena": true, "t": "2026-08-14T14:49:41"}
{"sid": "kategoriya", "tag": "e2-ps32-pb24", "kegl": 28.0, "cena_kegl_pct": 26.32, "pereliv_h_px": 0.0, "pereliv_x_px": 0, "smeta_vlezaet": true, "brauzer_fits": true, "verstka_reshena": true, "t": "2026-08-14T14:49:41"}
{"sid": "kategoriya-vect-iso", "tag": "e2-ps32-pb24", "kegl": 39.0, "cena_kegl_pct": -2.63, "pereliv_h_px": 0.0, "pereliv_x_px": 0, "smeta_vlezaet": true, "brauzer_fits": true, "verstka_reshena": true, "t": "2026-08-14T14:49:41"}
{"sid": "moral-estestvennosti", "tag": "e2-ps32-pb24", "kegl": 37.0, "cena_kegl_pct": 2.63, "pereliv_h_px": 0.0, "pereliv_x_px": 0, "smeta_vlezaet": false, "brauzer_fits": true, "verstka_reshena": false, "t": "2026-08-14T14:49:41"}
{"sid": "napominanie", "tag": "e2-ps32-pb24", "kegl": 41.0, "cena_kegl_pct": -7.89, "pereliv_h_px": 0.0, "pereliv_x_px": 0, "smeta_vlezaet": false, "brauzer_fits": true, "verstka_reshena": false, "t": "2026-08-14T14:49:41"}
{"sid": "nekanonicheskij-izomorfizm", "tag": "e2-ps32-pb24", "kegl": 40.0, "cena_kegl_pct": -5.26, "pereliv_h_px": 0.0, "pereliv_x_px": 0, "smeta_vlezaet": false, "brauzer_fits": true, "verstka_reshena": false, "t": "2026-08-14T14:49:41"}
{"sid": "razdelitel-estestvennost", "tag": "e2-ps32-pb24", "propushcheno": "тип вёрстки 'razdelitel' текстовой зоны не имеет либо не поддержан сметой (поддержаны: polosa_gorizontalnaya, polosa_vertikalnaya, tolko_tekst)", "t": "2026-08-14T14:49:41"}
{"sid": "razdelitel-retrakty", "tag": "e2-ps32-pb24", "propushcheno": "тип вёрстки 'razdelitel' текстовой зоны не имеет либо не поддержан сметой (поддержаны: polosa_gorizontalnaya, polosa_vertikalnaya, tolko_tekst)", "t": "2026-08-14T14:49:41"}
{"sid": "retrakt", "tag": "e2-ps32-pb24", "kegl": 37.0, "cena_kegl_pct": 2.63, "pereliv_h_px": 0.0, "pereliv_x_px": 0, "smeta_vlezaet": false, "brauzer_fits": true, "verstka_reshena": false, "t": "2026-08-14T14:49:41"}
{"sid": "teorema-brauera", "tag": "e2-ps32-pb24", "kegl": 37.0, "cena_kegl_pct": 2.63, "pereliv_h_px": 0.0, "pereliv_x_px": 0, "smeta_vlezaet": false, "brauzer_fits": true, "verstka_reshena": false, "t": "2026-08-14T14:49:41"}
{"sid": "vektornye-prostranstva", "tag": "e2-ps32-pb24", "kegl": 37.0, "cena_kegl_pct": 2.63, "pereliv_h_px": 0.0, "pereliv_x_px": 0, "smeta_vlezaet": false, "brauzer_fits": true, "verstka_reshena": false, "t": "2026-08-14T14:49:41"}
{"sid": "zamena-bazisa", "tag": "e2-ps32-pb24", "kegl": 39.0, "cena_kegl_pct": -2.63, "pereliv_h_px": 0.0, "pereliv_x_px": 0, "smeta_vlezaet": false, "brauzer_fits": true, "verstka_reshena": false, "t": "2026-08-14T14:49:41"}
{"sid": "anons-dvojstvennogo", "tag": "e2-ps24-pb16", "kegl": 41.0, "cena_kegl_pct": -7.89, "pereliv_h_px": 0.0, "pereliv_x_px": 0, "smeta_vlezaet": true, "brauzer_fits": true, "verstka_reshena": false, "t": "2026-08-14T14:50:40"}
{"sid": "anons-retraktov", "tag": "e2-ps24-pb16", "kegl": 40.0, "cena_kegl_pct": -5.26, "pereliv_h_px": 0.0, "pereliv_x_px": 0, "smeta_vlezaet": true, "brauzer_fits": true, "verstka_reshena": false, "t": "2026-08-14T14:50:40"}
{"sid": "bazis-i-matricy", "tag": "e2-ps24-pb16", "kegl": 37.0, "cena_kegl_pct": 2.63, "pereliv_h_px": 0.0, "pereliv_x_px": 0, "smeta_vlezaet": false, "brauzer_fits": true, "verstka_reshena": false, "t": "2026-08-14T14:50:40"}
{"sid": "centr-gruppy", "tag": "e2-ps24-pb16", "kegl": 39.0, "cena_kegl_pct": -2.63, "pereliv_h_px": 0.0, "pereliv_x_px": 0, "smeta_vlezaet": false, "brauzer_fits": true, "verstka_reshena": false, "t": "2026-08-14T14:50:40"}
{"sid": "dvazhdy-dvojstvennoe", "tag": "e2-ps24-pb16", "kegl": 38.0, "cena_kegl_pct": 0.0, "pereliv_h_px": 0.0, "pereliv_x_px": 0, "smeta_vlezaet": false, "brauzer_fits": true, "verstka_reshena": false, "t": "2026-08-14T14:50:40"}
{"sid": "dvojstvennoe-prostranstvo", "tag": "e2-ps24-pb16", "kegl": 39.0, "cena_kegl_pct": -2.63, "pereliv_h_px": 0.0, "pereliv_x_px": 0, "smeta_vlezaet": false, "brauzer_fits": true, "verstka_reshena": false, "t": "2026-08-14T14:50:40"}
{"sid": "dvojstvennyj-bazis", "tag": "e2-ps24-pb16", "kegl": 38.0, "cena_kegl_pct": 0.0, "pereliv_h_px": 0.0, "pereliv_x_px": 0, "smeta_vlezaet": false, "brauzer_fits": true, "verstka_reshena": false, "t": "2026-08-14T14:50:40"}
{"sid": "fundamentalnaya-gruppa", "tag": "e2-ps24-pb16", "kegl": 38.0, "cena_kegl_pct": 0.0, "pereliv_h_px": 0.0, "pereliv_x_px": 0, "smeta_vlezaet": false, "brauzer_fits": true, "verstka_reshena": false, "t": "2026-08-14T14:50:40"}
{"sid": "funktor", "tag": "e2-ps24-pb16", "kegl": 32.0, "cena_kegl_pct": 15.79, "pereliv_h_px": 0.0, "pereliv_x_px": 0, "smeta_vlezaet": true, "brauzer_fits": true, "verstka_reshena": true, "t": "2026-08-14T14:50:40"}
{"sid": "inyekcii", "tag": "e2-ps24-pb16", "kegl": 37.0, "cena_kegl_pct": 2.63, "pereliv_h_px": 0.0, "pereliv_x_px": 0, "smeta_vlezaet": false, "brauzer_fits": true, "verstka_reshena": false, "t": "2026-08-14T14:50:40"}
{"sid": "itogi", "tag": "e2-ps24-pb16", "kegl": 41.0, "cena_kegl_pct": -7.89, "pereliv_h_px": 0.0, "pereliv_x_px": 0, "smeta_vlezaet": true, "brauzer_fits": true, "verstka_reshena": false, "t": "2026-08-14T14:50:40"}
{"sid": "izomorfizm", "tag": "e2-ps24-pb16", "kegl": 37.0, "cena_kegl_pct": 2.63, "pereliv_h_px": 0.0, "pereliv_x_px": 0, "smeta_vlezaet": false, "brauzer_fits": true, "verstka_reshena": true, "t": "2026-08-14T14:50:40"}
{"sid": "kategoriya", "tag": "e2-ps24-pb16", "kegl": 28.0, "cena_kegl_pct": 26.32, "pereliv_h_px": 0.0, "pereliv_x_px": 0, "smeta_vlezaet": true, "brauzer_fits": true, "verstka_reshena": true, "t": "2026-08-14T14:50:40"}
{"sid": "kategoriya-vect-iso", "tag": "e2-ps24-pb16", "kegl": 39.0, "cena_kegl_pct": -2.63, "pereliv_h_px": 0.0, "pereliv_x_px": 0, "smeta_vlezaet": true, "brauzer_fits": true, "verstka_reshena": true, "t": "2026-08-14T14:50:40"}
{"sid": "moral-estestvennosti", "tag": "e2-ps24-pb16", "kegl": 37.0, "cena_kegl_pct": 2.63, "pereliv_h_px": 0.0, "pereliv_x_px": 0, "smeta_vlezaet": false, "brauzer_fits": true, "verstka_reshena": false, "t": "2026-08-14T14:50:40"}
{"sid": "napominanie", "tag": "e2-ps24-pb16", "kegl": 41.0, "cena_kegl_pct": -7.89, "pereliv_h_px": 0.0, "pereliv_x_px": 0, "smeta_vlezaet": false, "brauzer_fits": true, "verstka_reshena": false, "t": "2026-08-14T14:50:40"}
{"sid": "nekanonicheskij-izomorfizm", "tag": "e2-ps24-pb16", "kegl": 40.0, "cena_kegl_pct": -5.26, "pereliv_h_px": 0.0, "pereliv_x_px": 0, "smeta_vlezaet": false, "brauzer_fits": true, "verstka_reshena": false, "t": "2026-08-14T14:50:40"}
{"sid": "razdelitel-estestvennost", "tag": "e2-ps24-pb16", "propushcheno": "тип вёрстки 'razdelitel' текстовой зоны не имеет либо не поддержан сметой (поддержаны: polosa_gorizontalnaya, polosa_vertikalnaya, tolko_tekst)", "t": "2026-08-14T14:50:40"}
{"sid": "razdelitel-retrakty", "tag": "e2-ps24-pb16", "propushcheno": "тип вёрстки 'razdelitel' текстовой зоны не имеет либо не поддержан сметой (поддержаны: polosa_gorizontalnaya, polosa_vertikalnaya, tolko_tekst)", "t": "2026-08-14T14:50:40"}
{"sid": "retrakt", "tag": "e2-ps24-pb16", "kegl": 37.0, "cena_kegl_pct": 2.63, "pereliv_h_px": 0.0, "pereliv_x_px": 0, "smeta_vlezaet": false, "brauzer_fits": true, "verstka_reshena": false, "t": "2026-08-14T14:50:40"}
{"sid": "teorema-brauera", "tag": "e2-ps24-pb16", "kegl": 37.0, "cena_kegl_pct": 2.63, "pereliv_h_px": 0.0, "pereliv_x_px": 0, "smeta_vlezaet": false, "brauzer_fits": true, "verstka_reshena": false, "t": "2026-08-14T14:50:40"}
{"sid": "vektornye-prostranstva", "tag": "e2-ps24-pb16", "kegl": 38.0, "cena_kegl_pct": 0.0, "pereliv_h_px": 0.0, "pereliv_x_px": 0, "smeta_vlezaet": false, "brauzer_fits": true, "verstka_reshena": false, "t": "2026-08-14T14:50:40"}
{"sid": "zamena-bazisa", "tag": "e2-ps24-pb16", "kegl": 40.0, "cena_kegl_pct": -5.26, "pereliv_h_px": 0.0, "pereliv_x_px": 0, "smeta_vlezaet": false, "brauzer_fits": true, "verstka_reshena": false, "t": "2026-08-14T14:50:40"}
{"sid": "anons-dvojstvennogo", "tag": "e2-ps18-pb12", "kegl": 41.0, "cena_kegl_pct": -7.89, "pereliv_h_px": 0.0, "pereliv_x_px": 0, "smeta_vlezaet": true, "brauzer_fits": true, "verstka_reshena": false, "t": "2026-08-14T14:51:09"}
{"sid": "anons-retraktov", "tag": "e2-ps18-pb12", "kegl": 40.0, "cena_kegl_pct": -5.26, "pereliv_h_px": 0.0, "pereliv_x_px": 0, "smeta_vlezaet": true, "brauzer_fits": true, "verstka_reshena": false, "t": "2026-08-14T14:51:09"}
{"sid": "bazis-i-matricy", "tag": "e2-ps18-pb12", "kegl": 38.0, "cena_kegl_pct": 0.0, "pereliv_h_px": 0.0, "pereliv_x_px": 0, "smeta_vlezaet": false, "brauzer_fits": true, "verstka_reshena": false, "t": "2026-08-14T14:51:09"}
{"sid": "centr-gruppy", "tag": "e2-ps18-pb12", "kegl": 39.0, "cena_kegl_pct": -2.63, "pereliv_h_px": 0.0, "pereliv_x_px": 0, "smeta_vlezaet": false, "brauzer_fits": true, "verstka_reshena": false, "t": "2026-08-14T14:51:09"}
{"sid": "dvazhdy-dvojstvennoe", "tag": "e2-ps18-pb12", "kegl": 38.0, "cena_kegl_pct": 0.0, "pereliv_h_px": 0.0, "pereliv_x_px": 0, "smeta_vlezaet": false, "brauzer_fits": true, "verstka_reshena": false, "t": "2026-08-14T14:51:09"}
{"sid": "dvojstvennoe-prostranstvo", "tag": "e2-ps18-pb12", "kegl": 39.0, "cena_kegl_pct": -2.63, "pereliv_h_px": 0.0, "pereliv_x_px": 0, "smeta_vlezaet": false, "brauzer_fits": true, "verstka_reshena": false, "t": "2026-08-14T14:51:09"}
{"sid": "dvojstvennyj-bazis", "tag": "e2-ps18-pb12", "kegl": 38.0, "cena_kegl_pct": 0.0, "pereliv_h_px": 0.0, "pereliv_x_px": 0, "smeta_vlezaet": false, "brauzer_fits": true, "verstka_reshena": false, "t": "2026-08-14T14:51:09"}
{"sid": "fundamentalnaya-gruppa", "tag": "e2-ps18-pb12", "kegl": 38.0, "cena_kegl_pct": 0.0, "pereliv_h_px": 0.0, "pereliv_x_px": 0, "smeta_vlezaet": false, "brauzer_fits": true, "verstka_reshena": false, "t": "2026-08-14T14:51:09"}
{"sid": "funktor", "tag": "e2-ps18-pb12", "kegl": 32.0, "cena_kegl_pct": 15.79, "pereliv_h_px": 0.0, "pereliv_x_px": 0, "smeta_vlezaet": true, "brauzer_fits": true, "verstka_reshena": true, "t": "2026-08-14T14:51:09"}
{"sid": "inyekcii", "tag": "e2-ps18-pb12", "kegl": 36.0, "cena_kegl_pct": 5.26, "pereliv_h_px": 0.0, "pereliv_x_px": 0, "smeta_vlezaet": false, "brauzer_fits": true, "verstka_reshena": false, "t": "2026-08-14T14:51:09"}
{"sid": "itogi", "tag": "e2-ps18-pb12", "kegl": 41.0, "cena_kegl_pct": -7.89, "pereliv_h_px": 0.0, "pereliv_x_px": 0, "smeta_vlezaet": true, "brauzer_fits": true, "verstka_reshena": false, "t": "2026-08-14T14:51:09"}
{"sid": "izomorfizm", "tag": "e2-ps18-pb12", "kegl": 37.0, "cena_kegl_pct": 2.63, "pereliv_h_px": 0.0, "pereliv_x_px": 0, "smeta_vlezaet": false, "brauzer_fits": true, "verstka_reshena": true, "t": "2026-08-14T14:51:09"}
{"sid": "kategoriya", "tag": "e2-ps18-pb12", "kegl": 28.0, "cena_kegl_pct": 26.32, "pereliv_h_px": 0.0, "pereliv_x_px": 0, "smeta_vlezaet": true, "brauzer_fits": true, "verstka_reshena": true, "t": "2026-08-14T14:51:09"}
{"sid": "kategoriya-vect-iso", "tag": "e2-ps18-pb12", "kegl": 39.0, "cena_kegl_pct": -2.63, "pereliv_h_px": 0.0, "pereliv_x_px": 0, "smeta_vlezaet": true, "brauzer_fits": true, "verstka_reshena": true, "t": "2026-08-14T14:51:09"}
{"sid": "moral-estestvennosti", "tag": "e2-ps18-pb12", "kegl": 38.0, "cena_kegl_pct": 0.0, "pereliv_h_px": 0.0, "pereliv_x_px": 0, "smeta_vlezaet": false, "brauzer_fits": true, "verstka_reshena": false, "t": "2026-08-14T14:51:09"}
{"sid": "napominanie", "tag": "e2-ps18-pb12", "kegl": 41.0, "cena_kegl_pct": -7.89, "pereliv_h_px": 0.0, "pereliv_x_px": 0, "smeta_vlezaet": false, "brauzer_fits": true, "verstka_reshena": false, "t": "2026-08-14T14:51:09"}
{"sid": "nekanonicheskij-izomorfizm", "tag": "e2-ps18-pb12", "kegl": 40.0, "cena_kegl_pct": -5.26, "pereliv_h_px": 0.0, "pereliv_x_px": 0, "smeta_vlezaet": false, "brauzer_fits": true, "verstka_reshena": false, "t": "2026-08-14T14:51:09"}
{"sid": "razdelitel-estestvennost", "tag": "e2-ps18-pb12", "propushcheno": "тип вёрстки 'razdelitel' текстовой зоны не имеет либо не поддержан сметой (поддержаны: polosa_gorizontalnaya, polosa_vertikalnaya, tolko_tekst)", "t": "2026-08-14T14:51:09"}
{"sid": "razdelitel-retrakty", "tag": "e2-ps18-pb12", "propushcheno": "тип вёрстки 'razdelitel' текстовой зоны не имеет либо не поддержан сметой (поддержаны: polosa_gorizontalnaya, polosa_vertikalnaya, tolko_tekst)", "t": "2026-08-14T14:51:09"}
{"sid": "retrakt", "tag": "e2-ps18-pb12", "kegl": 38.0, "cena_kegl_pct": 0.0, "pereliv_h_px": 0.0, "pereliv_x_px": 0, "smeta_vlezaet": false, "brauzer_fits": true, "verstka_reshena": false, "t": "2026-08-14T14:51:09"}
{"sid": "teorema-brauera", "tag": "e2-ps18-pb12", "kegl": 38.0, "cena_kegl_pct": 0.0, "pereliv_h_px": 0.0, "pereliv_x_px": 0, "smeta_vlezaet": false, "brauzer_fits": true, "verstka_reshena": false, "t": "2026-08-14T14:51:09"}
{"sid": "vektornye-prostranstva", "tag": "e2-ps18-pb12", "kegl": 38.0, "cena_kegl_pct": 0.0, "pereliv_h_px": 0.0, "pereliv_x_px": 0, "smeta_vlezaet": false, "brauzer_fits": true, "verstka_reshena": false, "t": "2026-08-14T14:51:09"}
{"sid": "zamena-bazisa", "tag": "e2-ps18-pb12", "kegl": 40.0, "cena_kegl_pct": -5.26, "pereliv_h_px": 0.0, "pereliv_x_px": 0, "smeta_vlezaet": false, "brauzer_fits": true, "verstka_reshena": false, "t": "2026-08-14T14:51:09"}
{"sid": "anons-dvojstvennogo", "tag": "e3-check", "kegl": 41.0, "cena_kegl_pct": -7.89, "pereliv_h_px": 0.0, "pereliv_x_px": 0, "smeta_vlezaet": true, "brauzer_fits": true, "verstka_reshena": false, "t": "2026-08-14T14:53:33"}
{"sid": "anons-retraktov", "tag": "e3-check", "kegl": 40.0, "cena_kegl_pct": -5.26, "pereliv_h_px": 0.0, "pereliv_x_px": 0, "smeta_vlezaet": true, "brauzer_fits": true, "verstka_reshena": false, "t": "2026-08-14T14:53:33"}
{"sid": "bazis-i-matricy", "tag": "e3-check", "kegl": 38.0, "cena_kegl_pct": 0.0, "pereliv_h_px": 0.0, "pereliv_x_px": 0, "smeta_vlezaet": false, "brauzer_fits": true, "verstka_reshena": false, "t": "2026-08-14T14:53:33"}
{"sid": "centr-gruppy", "tag": "e3-check", "kegl": 39.0, "cena_kegl_pct": -2.63, "pereliv_h_px": 0.0, "pereliv_x_px": 0, "smeta_vlezaet": false, "brauzer_fits": true, "verstka_reshena": false, "t": "2026-08-14T14:53:33"}
{"sid": "dvazhdy-dvojstvennoe", "tag": "e3-check", "kegl": 38.0, "cena_kegl_pct": 0.0, "pereliv_h_px": 0.0, "pereliv_x_px": 0, "smeta_vlezaet": false, "brauzer_fits": true, "verstka_reshena": false, "t": "2026-08-14T14:53:33"}
{"sid": "dvojstvennoe-prostranstvo", "tag": "e3-check", "kegl": 39.0, "cena_kegl_pct": -2.63, "pereliv_h_px": 0.0, "pereliv_x_px": 0, "smeta_vlezaet": false, "brauzer_fits": true, "verstka_reshena": false, "t": "2026-08-14T14:53:33"}
{"sid": "dvojstvennyj-bazis", "tag": "e3-check", "kegl": 38.0, "cena_kegl_pct": 0.0, "pereliv_h_px": 0.0, "pereliv_x_px": 0, "smeta_vlezaet": false, "brauzer_fits": true, "verstka_reshena": false, "t": "2026-08-14T14:53:33"}
{"sid": "fundamentalnaya-gruppa", "tag": "e3-check", "kegl": 38.0, "cena_kegl_pct": 0.0, "pereliv_h_px": 0.0, "pereliv_x_px": 0, "smeta_vlezaet": false, "brauzer_fits": true, "verstka_reshena": false, "t": "2026-08-14T14:53:33"}
{"sid": "funktor", "tag": "e3-check", "kegl": 32.0, "cena_kegl_pct": 15.79, "pereliv_h_px": 0.0, "pereliv_x_px": 0, "smeta_vlezaet": true, "brauzer_fits": true, "verstka_reshena": true, "t": "2026-08-14T14:53:33"}
{"sid": "inyekcii", "tag": "e3-check", "kegl": 36.0, "cena_kegl_pct": 5.26, "pereliv_h_px": 0.0, "pereliv_x_px": 0, "smeta_vlezaet": false, "brauzer_fits": true, "verstka_reshena": false, "t": "2026-08-14T14:53:33"}
{"sid": "itogi", "tag": "e3-check", "kegl": 41.0, "cena_kegl_pct": -7.89, "pereliv_h_px": 0.0, "pereliv_x_px": 0, "smeta_vlezaet": true, "brauzer_fits": true, "verstka_reshena": false, "t": "2026-08-14T14:53:33"}
{"sid": "izomorfizm", "tag": "e3-check", "kegl": 37.0, "cena_kegl_pct": 2.63, "pereliv_h_px": 0.0, "pereliv_x_px": 0, "smeta_vlezaet": false, "brauzer_fits": true, "verstka_reshena": true, "t": "2026-08-14T14:53:33"}
{"sid": "kategoriya", "tag": "e3-check", "kegl": 28.0, "cena_kegl_pct": 26.32, "pereliv_h_px": 0.0, "pereliv_x_px": 0, "smeta_vlezaet": true, "brauzer_fits": true, "verstka_reshena": true, "t": "2026-08-14T14:53:33"}
{"sid": "kategoriya-vect-iso", "tag": "e3-check", "kegl": 39.0, "cena_kegl_pct": -2.63, "pereliv_h_px": 0.0, "pereliv_x_px": 0, "smeta_vlezaet": true, "brauzer_fits": true, "verstka_reshena": true, "t": "2026-08-14T14:53:33"}
{"sid": "moral-estestvennosti", "tag": "e3-check", "kegl": 38.0, "cena_kegl_pct": 0.0, "pereliv_h_px": 0.0, "pereliv_x_px": 0, "smeta_vlezaet": false, "brauzer_fits": true, "verstka_reshena": false, "t": "2026-08-14T14:53:33"}
{"sid": "napominanie", "tag": "e3-check", "kegl": 41.0, "cena_kegl_pct": -7.89, "pereliv_h_px": 0.0, "pereliv_x_px": 0, "smeta_vlezaet": false, "brauzer_fits": true, "verstka_reshena": false, "t": "2026-08-14T14:53:33"}
{"sid": "nekanonicheskij-izomorfizm", "tag": "e3-check", "kegl": 40.0, "cena_kegl_pct": -5.26, "pereliv_h_px": 0.0, "pereliv_x_px": 0, "smeta_vlezaet": false, "brauzer_fits": true, "verstka_reshena": false, "t": "2026-08-14T14:53:33"}
{"sid": "razdelitel-estestvennost", "tag": "e3-check", "propushcheno": "тип вёрстки 'razdelitel' текстовой зоны не имеет либо не поддержан сметой (поддержаны: polosa_gorizontalnaya, polosa_vertikalnaya, tolko_tekst)", "t": "2026-08-14T14:53:33"}
{"sid": "razdelitel-retrakty", "tag": "e3-check", "propushcheno": "тип вёрстки 'razdelitel' текстовой зоны не имеет либо не поддержан сметой (поддержаны: polosa_gorizontalnaya, polosa_vertikalnaya, tolko_tekst)", "t": "2026-08-14T14:53:33"}
{"sid": "retrakt", "tag": "e3-check", "kegl": 38.0, "cena_kegl_pct": 0.0, "pereliv_h_px": 0.0, "pereliv_x_px": 0, "smeta_vlezaet": false, "brauzer_fits": true, "verstka_reshena": false, "t": "2026-08-14T14:53:33"}
{"sid": "teorema-brauera", "tag": "e3-check", "kegl": 38.0, "cena_kegl_pct": 0.0, "pereliv_h_px": 0.0, "pereliv_x_px": 0, "smeta_vlezaet": false, "brauzer_fits": true, "verstka_reshena": false, "t": "2026-08-14T14:53:33"}
{"sid": "vektornye-prostranstva", "tag": "e3-check", "kegl": 38.0, "cena_kegl_pct": 0.0, "pereliv_h_px": 0.0, "pereliv_x_px": 0, "smeta_vlezaet": false, "brauzer_fits": true, "verstka_reshena": false, "t": "2026-08-14T14:53:33"}
{"sid": "zamena-bazisa", "tag": "e3-check", "kegl": 40.0, "cena_kegl_pct": -5.26, "pereliv_h_px": 0.0, "pereliv_x_px": 0, "smeta_vlezaet": false, "brauzer_fits": true, "verstka_reshena": false, "t": "2026-08-14T14:53:33"}
{"sid": "anons-dvojstvennogo", "tag": "final", "kegl": 41.0, "cena_kegl_pct": -7.89, "pereliv_h_px": 0.0, "pereliv_x_px": 0, "smeta_vlezaet": true, "brauzer_fits": true, "verstka_reshena": false, "t": "2026-08-14T15:15:44"}
{"sid": "anons-retraktov", "tag": "final", "kegl": 40.0, "cena_kegl_pct": -5.26, "pereliv_h_px": 0.0, "pereliv_x_px": 0, "smeta_vlezaet": true, "brauzer_fits": true, "verstka_reshena": false, "t": "2026-08-14T15:15:44"}
{"sid": "bazis-i-matricy", "tag": "final", "kegl": 38.0, "cena_kegl_pct": 0.0, "pereliv_h_px": 0.0, "pereliv_x_px": 0, "smeta_vlezaet": true, "brauzer_fits": true, "verstka_reshena": false, "t": "2026-08-14T15:15:44"}
{"sid": "centr-gruppy", "tag": "final", "kegl": 39.0, "cena_kegl_pct": -2.63, "pereliv_h_px": 0.0, "pereliv_x_px": 0, "smeta_vlezaet": true, "brauzer_fits": true, "verstka_reshena": false, "t": "2026-08-14T15:15:44"}
{"sid": "dvazhdy-dvojstvennoe", "tag": "final", "kegl": 38.0, "cena_kegl_pct": 0.0, "pereliv_h_px": 0.0, "pereliv_x_px": 0, "smeta_vlezaet": true, "brauzer_fits": true, "verstka_reshena": false, "t": "2026-08-14T15:15:44"}
{"sid": "dvojstvennoe-prostranstvo", "tag": "final", "kegl": 39.0, "cena_kegl_pct": -2.63, "pereliv_h_px": 0.0, "pereliv_x_px": 0, "smeta_vlezaet": true, "brauzer_fits": true, "verstka_reshena": false, "t": "2026-08-14T15:15:44"}
{"sid": "dvojstvennyj-bazis", "tag": "final", "kegl": 38.0, "cena_kegl_pct": 0.0, "pereliv_h_px": 0.0, "pereliv_x_px": 0, "smeta_vlezaet": false, "brauzer_fits": true, "verstka_reshena": false, "t": "2026-08-14T15:15:44"}
{"sid": "fundamentalnaya-gruppa", "tag": "final", "kegl": 38.0, "cena_kegl_pct": 0.0, "pereliv_h_px": 0.0, "pereliv_x_px": 0, "smeta_vlezaet": false, "brauzer_fits": true, "verstka_reshena": false, "t": "2026-08-14T15:15:44"}
{"sid": "funktor", "tag": "final", "kegl": 32.0, "cena_kegl_pct": 15.79, "pereliv_h_px": 0.0, "pereliv_x_px": 0, "smeta_vlezaet": true, "brauzer_fits": true, "verstka_reshena": true, "t": "2026-08-14T15:15:44"}
{"sid": "inyekcii", "tag": "final", "kegl": 36.0, "cena_kegl_pct": 5.26, "pereliv_h_px": 0.0, "pereliv_x_px": 0, "smeta_vlezaet": true, "brauzer_fits": true, "verstka_reshena": false, "t": "2026-08-14T15:15:44"}
{"sid": "itogi", "tag": "final", "kegl": 41.0, "cena_kegl_pct": -7.89, "pereliv_h_px": 0.0, "pereliv_x_px": 0, "smeta_vlezaet": true, "brauzer_fits": true, "verstka_reshena": false, "t": "2026-08-14T15:15:44"}
{"sid": "izomorfizm", "tag": "final", "kegl": 37.0, "cena_kegl_pct": 2.63, "pereliv_h_px": 0.0, "pereliv_x_px": 0, "smeta_vlezaet": true, "brauzer_fits": true, "verstka_reshena": true, "t": "2026-08-14T15:15:44"}
{"sid": "kategoriya", "tag": "final", "kegl": 28.0, "cena_kegl_pct": 26.32, "pereliv_h_px": 0.0, "pereliv_x_px": 0, "smeta_vlezaet": true, "brauzer_fits": true, "verstka_reshena": true, "t": "2026-08-14T15:15:44"}
{"sid": "kategoriya-vect-iso", "tag": "final", "kegl": 39.0, "cena_kegl_pct": -2.63, "pereliv_h_px": 0.0, "pereliv_x_px": 0, "smeta_vlezaet": true, "brauzer_fits": true, "verstka_reshena": true, "t": "2026-08-14T15:15:44"}
{"sid": "moral-estestvennosti", "tag": "final", "kegl": 38.0, "cena_kegl_pct": 0.0, "pereliv_h_px": 0.0, "pereliv_x_px": 0, "smeta_vlezaet": false, "brauzer_fits": true, "verstka_reshena": false, "t": "2026-08-14T15:15:44"}
{"sid": "napominanie", "tag": "final", "kegl": 41.0, "cena_kegl_pct": -7.89, "pereliv_h_px": 0.0, "pereliv_x_px": 0, "smeta_vlezaet": true, "brauzer_fits": true, "verstka_reshena": false, "t": "2026-08-14T15:15:44"}
{"sid": "nekanonicheskij-izomorfizm", "tag": "final", "kegl": 40.0, "cena_kegl_pct": -5.26, "pereliv_h_px": 0.0, "pereliv_x_px": 0, "smeta_vlezaet": true, "brauzer_fits": true, "verstka_reshena": false, "t": "2026-08-14T15:15:44"}
{"sid": "razdelitel-estestvennost", "tag": "final", "propushcheno": "тип вёрстки 'razdelitel' текстовой зоны не имеет либо не поддержан сметой (поддержаны: polosa_gorizontalnaya, polosa_vertikalnaya, tolko_tekst)", "t": "2026-08-14T15:15:44"}
{"sid": "razdelitel-retrakty", "tag": "final", "propushcheno": "тип вёрстки 'razdelitel' текстовой зоны не имеет либо не поддержан сметой (поддержаны: polosa_gorizontalnaya, polosa_vertikalnaya, tolko_tekst)", "t": "2026-08-14T15:15:44"}
{"sid": "retrakt", "tag": "final", "kegl": 38.0, "cena_kegl_pct": 0.0, "pereliv_h_px": 0.0, "pereliv_x_px": 0, "smeta_vlezaet": false, "brauzer_fits": true, "verstka_reshena": false, "t": "2026-08-14T15:15:44"}
{"sid": "teorema-brauera", "tag": "final", "kegl": 38.0, "cena_kegl_pct": 0.0, "pereliv_h_px": 0.0, "pereliv_x_px": 0, "smeta_vlezaet": false, "brauzer_fits": true, "verstka_reshena": false, "t": "2026-08-14T15:15:44"}
{"sid": "vektornye-prostranstva", "tag": "final", "kegl": 38.0, "cena_kegl_pct": 0.0, "pereliv_h_px": 0.0, "pereliv_x_px": 0, "smeta_vlezaet": false, "brauzer_fits": true, "verstka_reshena": false, "t": "2026-08-14T15:15:44"}
{"sid": "zamena-bazisa", "tag": "final", "kegl": 40.0, "cena_kegl_pct": -5.26, "pereliv_h_px": 0.0, "pereliv_x_px": 0, "smeta_vlezaet": false, "brauzer_fits": true, "verstka_reshena": false, "t": "2026-08-14T15:15:44"}
{"sid": "anons-dvojstvennogo", "tag": "final2", "kegl": 41.0, "cena_kegl_pct": -7.89, "pereliv_h_px": 0.0, "pereliv_x_px": 0, "smeta_vlezaet": true, "brauzer_fits": true, "verstka_reshena": false, "t": "2026-08-14T15:34:32"}
{"sid": "anons-retraktov", "tag": "final2", "kegl": 40.0, "cena_kegl_pct": -5.26, "pereliv_h_px": 0.0, "pereliv_x_px": 0, "smeta_vlezaet": true, "brauzer_fits": true, "verstka_reshena": false, "t": "2026-08-14T15:34:32"}
{"sid": "bazis-i-matricy", "tag": "final2", "kegl": 38.0, "cena_kegl_pct": 0.0, "pereliv_h_px": 0.0, "pereliv_x_px": 0, "smeta_vlezaet": true, "brauzer_fits": true, "verstka_reshena": false, "t": "2026-08-14T15:34:32"}
{"sid": "centr-gruppy", "tag": "final2", "kegl": 39.0, "cena_kegl_pct": -2.63, "pereliv_h_px": 0.0, "pereliv_x_px": 0, "smeta_vlezaet": true, "brauzer_fits": true, "verstka_reshena": false, "t": "2026-08-14T15:34:32"}
{"sid": "dvazhdy-dvojstvennoe", "tag": "final2", "kegl": 38.0, "cena_kegl_pct": 0.0, "pereliv_h_px": 0.0, "pereliv_x_px": 0, "smeta_vlezaet": true, "brauzer_fits": true, "verstka_reshena": false, "t": "2026-08-14T15:34:32"}
{"sid": "dvojstvennoe-prostranstvo", "tag": "final2", "kegl": 39.0, "cena_kegl_pct": -2.63, "pereliv_h_px": 0.0, "pereliv_x_px": 0, "smeta_vlezaet": true, "brauzer_fits": true, "verstka_reshena": false, "t": "2026-08-14T15:34:32"}
{"sid": "dvojstvennyj-bazis", "tag": "final2", "kegl": 38.0, "cena_kegl_pct": 0.0, "pereliv_h_px": 0.0, "pereliv_x_px": 0, "smeta_vlezaet": false, "brauzer_fits": true, "verstka_reshena": false, "t": "2026-08-14T15:34:32"}
{"sid": "fundamentalnaya-gruppa", "tag": "final2", "kegl": 38.0, "cena_kegl_pct": 0.0, "pereliv_h_px": 0.0, "pereliv_x_px": 0, "smeta_vlezaet": false, "brauzer_fits": true, "verstka_reshena": false, "t": "2026-08-14T15:34:32"}
{"sid": "funktor", "tag": "final2", "kegl": 32.0, "cena_kegl_pct": 15.79, "pereliv_h_px": 0.0, "pereliv_x_px": 0, "smeta_vlezaet": true, "brauzer_fits": true, "verstka_reshena": true, "t": "2026-08-14T15:34:32"}
{"sid": "inyekcii", "tag": "final2", "kegl": 36.0, "cena_kegl_pct": 5.26, "pereliv_h_px": 0.0, "pereliv_x_px": 0, "smeta_vlezaet": true, "brauzer_fits": true, "verstka_reshena": false, "t": "2026-08-14T15:34:32"}
{"sid": "itogi", "tag": "final2", "kegl": 41.0, "cena_kegl_pct": -7.89, "pereliv_h_px": 0.0, "pereliv_x_px": 0, "smeta_vlezaet": true, "brauzer_fits": true, "verstka_reshena": false, "t": "2026-08-14T15:34:32"}
{"sid": "izomorfizm", "tag": "final2", "kegl": 37.0, "cena_kegl_pct": 2.63, "pereliv_h_px": 0.0, "pereliv_x_px": 0, "smeta_vlezaet": true, "brauzer_fits": true, "verstka_reshena": true, "t": "2026-08-14T15:34:32"}
{"sid": "kategoriya", "tag": "final2", "kegl": 28.0, "cena_kegl_pct": 26.32, "pereliv_h_px": 0.0, "pereliv_x_px": 0, "smeta_vlezaet": true, "brauzer_fits": true, "verstka_reshena": true, "t": "2026-08-14T15:34:32"}
{"sid": "kategoriya-vect-iso", "tag": "final2", "kegl": 39.0, "cena_kegl_pct": -2.63, "pereliv_h_px": 0.0, "pereliv_x_px": 0, "smeta_vlezaet": true, "brauzer_fits": true, "verstka_reshena": true, "t": "2026-08-14T15:34:32"}
{"sid": "moral-estestvennosti", "tag": "final2", "kegl": 38.0, "cena_kegl_pct": 0.0, "pereliv_h_px": 0.0, "pereliv_x_px": 0, "smeta_vlezaet": false, "brauzer_fits": true, "verstka_reshena": false, "t": "2026-08-14T15:34:32"}
{"sid": "napominanie", "tag": "final2", "kegl": 41.0, "cena_kegl_pct": -7.89, "pereliv_h_px": 0.0, "pereliv_x_px": 0, "smeta_vlezaet": true, "brauzer_fits": true, "verstka_reshena": false, "t": "2026-08-14T15:34:32"}
{"sid": "nekanonicheskij-izomorfizm", "tag": "final2", "kegl": 40.0, "cena_kegl_pct": -5.26, "pereliv_h_px": 0.0, "pereliv_x_px": 0, "smeta_vlezaet": true, "brauzer_fits": true, "verstka_reshena": false, "t": "2026-08-14T15:34:32"}
{"sid": "razdelitel-estestvennost", "tag": "final2", "propushcheno": "тип вёрстки 'razdelitel' текстовой зоны не имеет либо не поддержан сметой (поддержаны: polosa_gorizontalnaya, polosa_vertikalnaya, tolko_tekst)", "t": "2026-08-14T15:34:32"}
{"sid": "razdelitel-retrakty", "tag": "final2", "propushcheno": "тип вёрстки 'razdelitel' текстовой зоны не имеет либо не поддержан сметой (поддержаны: polosa_gorizontalnaya, polosa_vertikalnaya, tolko_tekst)", "t": "2026-08-14T15:34:32"}
{"sid": "retrakt", "tag": "final2", "kegl": 38.0, "cena_kegl_pct": 0.0, "pereliv_h_px": 0.0, "pereliv_x_px": 0, "smeta_vlezaet": false, "brauzer_fits": true, "verstka_reshena": false, "t": "2026-08-14T15:34:32"}
{"sid": "teorema-brauera", "tag": "final2", "kegl": 38.0, "cena_kegl_pct": 0.0, "pereliv_h_px": 0.0, "pereliv_x_px": 0, "smeta_vlezaet": false, "brauzer_fits": true, "verstka_reshena": false, "t": "2026-08-14T15:34:32"}
{"sid": "vektornye-prostranstva", "tag": "final2", "kegl": 38.0, "cena_kegl_pct": 0.0, "pereliv_h_px": 0.0, "pereliv_x_px": 0, "smeta_vlezaet": false, "brauzer_fits": true, "verstka_reshena": false, "t": "2026-08-14T15:34:32"}
{"sid": "zamena-bazisa", "tag": "final2", "kegl": 40.0, "cena_kegl_pct": -5.26, "pereliv_h_px": 0.0, "pereliv_x_px": 0, "smeta_vlezaet": false, "brauzer_fits": true, "verstka_reshena": false, "t": "2026-08-14T15:34:32"}
