# id	файл	заголовок	АДРЕС	ЦЕНА
I0001	KORPUS-2026-07-10_orkestracia.md	Параллельный заход держал `.git/index.lock` в момент старта этого захода	_studio/zhurnal/2026-07-10_orkestracia/kod_bootstrap.md#ПЛАН, строка 85	~10 минут ожидания git-лока заходом-соседом, остальное — быстро
I0002	KORPUS-2026-07-10_orkestracia.md	Новые файлы захода (`PAPKA-LEKCII.md`, `bootstrap_lekcia.py`) остались незакоммиченными, момент/ответственный за коммит не определён	_studio/zhurnal/2026-07-10_orkestracia/kod_bootstrap.md#ОТЧЁТ, строки 119–123	НЕ НАЗВАНА
I0003	KORPUS-2026-07-10_orkestracia.md	Ни заход, ни прочитанные DOK не называют, куда физически кладётся папка `<лекция>/`	_studio/zhurnal/2026-07-10_orkestracia/kod_bootstrap.md#ВОПРОСЫ, строка 102	НЕ НАЗВАНА
I0004	KORPUS-2026-07-10_orkestracia.md	К моменту старта этого захода накопилась незакоммиченная работа Cowork — потребовался отдельный сводный коммит-точка-отката первым ходом	_studio/zhurnal/2026-07-10_orkestracia/kod_gid.md#ЗАДАНИЕ, строки 18–25	НЕ НАЗВАНА
I0005	KORPUS-2026-07-10_orkestracia.md	Точка отката уже существовала («создана в предыдущей частичной попытке этого захода»), пере-коммитить было нечего	_studio/zhurnal/2026-07-10_orkestracia/kod_gid.md#ПЛАН, строка 78	НЕ НАЗВАНА
I0006	KORPUS-2026-07-10_orkestracia.md	Путь к трекеру в тексте самого захода был бы битой ссылкой, если брать буквально из места, где живёт `ARKA.md`; исполнитель вычислил правильный путь сам	_studio/zhurnal/2026-07-10_orkestracia/kod_gid.md#ПЛАН, строка 80	НЕ НАЗВАНА
I0007	KORPUS-2026-07-10_orkestracia.md	Команда `rm` по glob-маске `.pyc` молча не сработала из-за zsh-nomatch — недоудаление тестовой арки заметили только по повторному grep-счётчику	_studio/zhurnal/2026-07-10_orkestracia/kod_gid.md#ОТЧЁТ, строка 115	НЕ НАЗВАНА
I0008	KORPUS-2026-07-10_orkestracia.md	`00-KONVEJER.md` утверждает, что устаревшая ссылка есть «в арках 06/09» — грепом по `09-illustracii/*` подтверждений не найдено	_studio/zhurnal/2026-07-10_orkestracia/kod_katalog.md#ОТЧЁТ, строки 99–101	НЕ НАЗВАНА
I0009	KORPUS-2026-07-10_orkestracia.md	Микрофункция «tar-снапшот» — авто-хук по факту, но собственного id в реестре H1–H5 `GEJTY.md` не имеет	_studio/zhurnal/2026-07-10_orkestracia/kod_katalog.md#ОТЧЁТ, строка 93	НЕ НАЗВАНА
I0010	KORPUS-2026-07-10_orkestracia.md	Внешний скилл `math-russian-terminology` (запрещён решением Р17) всё ещё живьём вызывается в `06-tekst/{DOK,PRIMERY,ZAHOD}.md`	_studio/zhurnal/2026-07-10_orkestracia/kod_katalog.md#ОТЧЁТ, строка 100	НЕ НАЗВАНА
I0011	KORPUS-2026-07-10_orkestracia.md	Физическое место хранения состояния Фазы I нигде явно не зафиксировано — исполнитель изобрёл рабочую конвенцию `<лекция>/faza1/{...}`, на которой построены признаки-на-диске гейтов G1–G4	_studio/zhurnal/2026-07-10_orkestracia/kod_spina.md#ПЛАН, строка 76	НЕ НАЗВАНА
I0012	KORPUS-2026-07-10_orkestracia.md	Точные ключи полей `brief.md` подставлены «по смыслу» из DOK, без проверки по живому `01-brief/ZAHOD.md` (файл вне списка чтения захода)	_studio/zhurnal/2026-07-10_orkestracia/kod_spina.md#ВОПРОСЫ, строка 95	НЕ НАЗВАНА
I0013	KORPUS-2026-07-10_orkestracia.md	`ARHITEKTURA-FABRIKI.md §Форматы и нюансы` содержит ту же устаревшую формулировку, что и правленная таблица Арх.2, но лежит вне названной таблицы — оставлена как есть	_studio/zhurnal/2026-07-10_orkestracia/kod_spina.md#ВОПРОСЫ, строка 96	НЕ НАЗВАНА
I0014	KORPUS-2026-07-10_orkestracia.md	Конвенция `faza1/`, изобретённая заходом-предшественником, оказалась заменённой — реальный канон другой (`PAPKA-LEKCII.md`), потребовалось отдельное сведение шва Cowork'ом до старта этого захода	_studio/zhurnal/2026-07-10_orkestracia/kod_treker.md#ЗАДАНИЕ, строки 18–19	НЕ НАЗВАНА
I0015	KORPUS-2026-07-10_orkestracia.md	Формат ключей `brief.md`, заложенный заходом-предшественником как «`ключ:` в начале строки», не совпал с реальным сгенерированным стабом (нумерованный список) — обнаружено только чтением живого файла	_studio/zhurnal/2026-07-10_orkestracia/kod_treker.md#ПЛАН, строка 79	НЕ НАЗВАНА
I0016	KORPUS-2026-07-10_orkestracia.md	`bootstrap_lekcia.py` пишет поле 9 брифа буквально англ. `yes`/`no`, тогда как контракт документирует `да`/`нет` — похоже на баг предыдущего захода	_studio/zhurnal/2026-07-10_orkestracia/kod_treker.md#ВОПРОСЫ, строка 104	иначе расхождение тиражируется на каждую новую лекцию (дословно из источника)
I0017	KORPUS-2026-07-10_orkestracia.md	Признак-на-диске гейта G5 в `GEJTY.md` указывает на `src/`, тогда как `PAPKA-LEKCII.md` относит раскадровку к отдельной папке Фазы I `raskadrovka/`, до входа в `src/` — нестыковка между двумя документами волны 1	_studio/zhurnal/2026-07-10_orkestracia/kod_treker.md#ВОПРОСЫ, строка 109	НЕ НАЗВАНА
I0018	KORPUS-2026-07-10_orkestracia.md	Гейты G5/G7 в `GEJTY.md` ожидают поля `register:`/`word_budget_per_slide:` в `src/brief.md`, которых нет ни в схеме, ни в реально генерируемом `_generator/skeleton/brief.md`	_studio/zhurnal/2026-07-10_orkestracia/kod_treker.md#ВОПРОСЫ, строка 110	НЕ НАЗВАНА
I0019	KORPUS-2026-07-10_sborka-konvejera.md	Заход перенёс 7 из 8 пунктов дельты; пункт №6 (таблицы RUKOVODSTVO-zahodami §8/§2) физически не перенесён — правка нужного файла оказалась вне границ этого же захода	_studio/zhurnal/2026-07-10_sborka-konvejera/kod_absorb-prizemlenie.md#ОТЧЁТ, строки 64–67	«КРИТЕРИЙ (b) ЧАСТИЧНО ПРОВАЛЕН... пункт №6 физически НЕ перенесён — правка этого файла вне ГРАНИЦ этого захода»; нужен отдельный, явно санкционированный заход перед удалением kurs-fabrika, либо явное решение аналитика принять риск
I0020	KORPUS-2026-07-10_sborka-konvejera.md	Живой план «обкатать на Фибоначчи/теорвере/Маркове» сохранён только текстом в footer нового файла, в бэклог OTKRYTYE-ZADACHI.md не занесён — этот файл вне границ захода	_studio/zhurnal/2026-07-10_sborka-konvejera/kod_absorb-prizemlenie.md#ВОПРОСЫ, строка 60	НЕ НАЗВАНА
I0021	KORPUS-2026-07-10_sborka-konvejera.md	Чтение overlay.css с base64-блоком шрифтов KaTeX раздуло контекст и было автоматически обрезано инструментом	_studio/zhurnal/2026-07-10_sborka-konvejera/kod_base-buffon.md#ОТЧЁТ, строки 172–178	~166 980 токенов на первые 23 860 символов (base64-блок KaTeX-шрифтов токенизируется крайне неэффективно), автоматически обрезано инструментом
I0022	KORPUS-2026-07-10_sborka-konvejera.md	Верификатор нашёл неточную формулировку границы base/grid в SPEC.md — реализация была верна, но проза описывала границу неправильно для buffon	_studio/zhurnal/2026-07-10_sborka-konvejera/kod_base-buffon.md#ОТЧЁТ, строки 209–215	НЕ НАЗВАНА
I0023	KORPUS-2026-07-10_sborka-konvejera.md	Пакеты 06-tekst и 09-illustracii по-прежнему зовут внешний скилл math-russian-terminology, что противоречит принятому в этом же заходе решению Р17 — правка осталась вне границ захода	_studio/zhurnal/2026-07-10_sborka-konvejera/kod_faza1-redesign.md#ОТЧЁТ, строки 112–113	НЕ НАЗВАНА («пакеты заперты... требует отдельной правки Фазы II»)
I0024	KORPUS-2026-07-10_sborka-konvejera.md	Свежий верификатор нашёл mojibake-порчу текста в двух PRIMERY.md после сборки пакетов 1–5	_studio/zhurnal/2026-07-10_sborka-konvejera/kod_faza1.md#ОТЧЁТ, строки 124–126	список потерь: 2, обе — mojibake-порча текста («быть局альной»→«быть локальной», «на双угольники»→«на двуугольники»); обе исправлены
I0025	KORPUS-2026-07-10_sborka-konvejera.md	Предпосылка ALGORITM.md §2 «общий base.css один и наследуется всеми деками» оказалась ложной по живым файлам — base двух эталонов расходится по существу канона	_studio/zhurnal/2026-07-10_sborka-konvejera/kod_infra.md#ПЛАН, строки 62–73	обещанная ALGORITM выгода «одна правка на все деки» пер-дековым выносом НЕ достигается
I0026	KORPUS-2026-07-10_sborka-konvejera.md	DESIGN.md §5 называет плейсхолдеры {{BASE_CSS}}/{{GRID_CSS}}, которых реальный build_deck.py не знал	_studio/zhurnal/2026-07-10_sborka-konvejera/kod_infra.md#ПЛАН, строки 55–61	НЕ НАЗВАНА (расхождение обойдено добавлением опциональной загрузки, без описанного ущерба)
I0027	KORPUS-2026-07-11_fibonacci-kurs.md	Формат карточки не совпадает между STANDART/GEJTY/трекером — карточка по образцу не проходит гейт G2 с первого захода	_studio/zhurnal/2026-07-11_fibonacci-kurs/kod_kurs-avtonom.md#ОТЧЁТ, строка 142	карточка по образцу проваливает G2 на 1-м проходе
I0028	KORPUS-2026-07-11_fibonacci-kurs.md	`sostoyanie.py` сверяет дайджест по полной строке источника — гранулярная цитата ломает проверку; гейты G6/G7 излишне строги к мультиклассу/структурным слайдам	_studio/zhurnal/2026-07-11_fibonacci-kurs/kod_kurs-avtonom.md#ОТЧЁТ, строка 143	НЕ НАЗВАНА
I0029	KORPUS-2026-07-11_fibonacci-kurs.md	Инициализация canvas-симуляции на скрытом слайде (display:none) — распространённая ловушка, для которой в каноне нет готового паттерна	_studio/zhurnal/2026-07-11_fibonacci-kurs/kod_kurs-avtonom.md#ОТЧЁТ, строка 144	НЕ НАЗВАНА
I0030	KORPUS-2026-07-11_fibonacci-kurs.md	Гейт G2 (порог «≥5 источников») не учитывает профиль ОТ-КНИГИ — порог пришлось ослаблять вручную	_studio/zhurnal/2026-07-11_fibonacci-kurs/kod_kurs-avtonom.md#ОТЧЁТ, строка 145	НЕ НАЗВАНА
I0031	KORPUS-2026-07-11_fibonacci-kurs.md	Шаг 3 proof-self-review (свежий рецензент) не был обязательным — без него верификатор проверяет только тождества, а не конструкции	_studio/zhurnal/2026-07-11_fibonacci-kurs/kod_kurs-avtonom.md#ОТЧЁТ, строка 146	свежий рецензент поймал 2 реальные ошибки (иначе «сверено» = ложная уверенность)
I0032	KORPUS-2026-07-11_fibonacci-kurs.md	Заход сам «парковал» модели D,E,G («курсу не нужны»), что противоречило базовому правилу владельца идти по листку и закрывать все утверждения	_studio/zhurnal/2026-07-11_fibonacci-kurs/kod_lekcia1-modeli.md#ОТЧЁТ, строка 210	не сделаны 3 модели (D,E,G); владелец развернул план уже после того, как было собрано 5 моделей
I0033	KORPUS-2026-07-11_fibonacci-kurs.md	Заход и docs/.../RESHENIYA.md описывали формат опорной точки как «Forum-цифра-номер на поле (буквица)», что разошлось с фактическим решением владельца (цветное слово без буквицы)	_studio/zhurnal/2026-07-11_fibonacci-kurs/kod_lekcia1-modeli.md#ОТЧЁТ, строка 211	НЕ НАЗВАНА
I0034	KORPUS-2026-07-11_fibonacci-kurs.md	Цвет опорной точки «Определение» нигде не задокументирован (закреплён только цвет «Задачи») — первый выбранный цвет слился с доской	_studio/zhurnal/2026-07-11_fibonacci-kurs/kod_lekcia1-modeli.md#ОТЧЁТ, строка 212	НЕ НАЗВАНА
I0035	KORPUS-2026-07-11_fibonacci-kurs.md	STANDART-canvas.md фиксировал «модель-носитель = полоска, показываем везде», что разошлось с намерением владельца «каждая модель — в своём языке, полоска только в сцене биекции»	_studio/zhurnal/2026-07-11_fibonacci-kurs/kod_lekcia1-modeli.md#ОТЧЁТ, строка 213	владелец назвал получившуюся логику «ужасной»
I0036	KORPUS-2026-07-11_fibonacci-kurs.md	Ревью шло через статичные PNG-артефакты, а не через живой дек	_studio/zhurnal/2026-07-11_fibonacci-kurs/kod_lekcia1-modeli.md#ОТЧЁТ, строка 215	владелец несколько раз писал «не кликается / не вижу картинки»; по итоговой оценке главная утечка токенов («многие сотни тысяч на итерациях») — круги «показал PNG → не кликается → переделал под живое»
I0037	KORPUS-2026-07-11_fibonacci-kurs.md	Контракт слайда-модели в заходе (3 сцены) разошёлся с STANDART-canvas.md (4 сцены, оканчивается биекцией) — при переходе на новый вид биекция-сцены для C/B/F были потеряны	_studio/zhurnal/2026-07-11_fibonacci-kurs/kod_lekcia1-modeli.md#ОТЧЁТ, строка 217	биекция восстановлена только у 2 моделей из 3 (C и B), у F осталась не подцеплена
I0038	KORPUS-2026-07-11_fibonacci-kurs.md	Модели строились поверх старого дека без заранее спланированного финального роутера и списка ретайра	_studio/zhurnal/2026-07-11_fibonacci-kurs/kod_lekcia1-modeli.md#ОТЧЁТ, строка 218	НЕ НАЗВАНА (в деке остались старые v1-слайды не в том порядке, потребовалась отдельная уборка)
I0039	KORPUS-2026-07-11_fibonacci-kurs.md	TEKSTY-L1.md даёт только определения для моделей D/E/G, но не полные тексты слайда (рекуррента/биекция)	_studio/zhurnal/2026-07-11_fibonacci-kurs/kod_lekcia1-modeli.md#ОТЧЁТ, строка 225	НЕ НАЗВАНА
I0040	KORPUS-2026-07-11_fibonacci-kurs.md	Заход не задал ветку явно, а репозиторий на старте уже стоял на branch `buffon-zahod-01`, оставшейся от чужого захода; точку отката и все коммиты пришлось класть в чужую ветку	_studio/zhurnal/2026-07-11_fibonacci-kurs/kod_lekcia1-pereverstka.md#ВОПРОСЫ, строка 127	НЕ НАЗВАНА
I0041	KORPUS-2026-07-11_fibonacci-kurs.md	`audit.py` (браузерный верификатор дека) не запустился — требует Playwright chromium, которого нет в среде, а песочница блокирует его загрузку и bind порта	_studio/zhurnal/2026-07-11_fibonacci-kurs/kod_lekcia1-pereverstka.md#ОТЧЁТ, строка 149	НЕ НАЗВАНА (пришлось полагаться на «глаз в браузере»)
I0042	KORPUS-2026-07-11_geometria-6-nagliadnaya.md	Во время прогона сторонний `git add -A` (параллельная сессия/автоматизация) закоммитил закрытие Фибоначчи и заодно поглотил ранние файлы ресёрча геометрии в тот же коммит	_studio/zhurnal/2026-07-11_geometria-6-nagliadnaya/kod_reserch-geometria.md#ВОПРОСЫ, строка 83	ресёрч оказался разбит на два коммита (ранние файлы вперемешку с закрытием Фибоначчи, и хвост отдельно)
I0043	KORPUS-2026-07-11_reserch-zadach.md	Три из семи скачанных ШМК-источников оказались неполными демо-выдержками, а не полными книгами	_studio/zhurnal/2026-07-11_reserch-zadach/kod_zapusk-korpusa.md#ОТЧЁТ, строка 72	скачаны с ashap.info, но оказались неполными демо-выдержками (только первое занятие + иногда приложение с ответами); обнаружено только постраничной проверкой (footer-нумерация обрывается и прыгает) — иначе выглядело бы как «скачано и всё ок»
I0044	KORPUS-2026-07-11_reserch-zadach.md	WebFetch не смог извлечь список подрубрик со страницы-обёртки «Кванта»	_studio/zhurnal/2026-07-11_reserch-zadach/kod_zapusk-korpusa.md#ОТЧЁТ, строка 76	точные под-URL 6 подрубрик «Графы» не вытянуты за один WebFetch, зафиксирован только корневой URL рубрики, статус «возвращаться» сохранён
I0045	KORPUS-2026-07-11_reserch-zadach.md	Счётчики задач problems.ru разошлись со старой картой research_journal_v2.md	_studio/zhurnal/2026-07-11_reserch-zadach/kod_zapusk-korpusa.md#ОТЧЁТ, строка 88	НЕ НАЗВАНА (зафиксировано как расхождение, «не разбиралось дальше, нужен отдельный проход»)
I0046	KORPUS-2026-07-16_teorkat-landshaft.md	Контракт отдал TERMINY-russkie.md исполнителю, а файл параллельно и вживую правил аналитик	_studio/zhurnal/2026-07-16_teorkat-landshaft/kod_riehl-lccc.md#ВОПРОСЫ, строка 115	посылка контракта «зоны не пересекаются» ложна для TERMINY — «пока не разведёте, будут гонки записи»; исполнитель не коммитил файл, «иначе смёл бы его несохранённую работу в свой коммит»
I0047	KORPUS-2026-07-16_teorkat-landshaft.md	Прошлый заход инструктировал ложную предпосылку про отсутствие топоса и экспоненты у Маклейна	_studio/zhurnal/2026-07-16_teorkat-landshaft/kod_riehl-lccc.md#ЗАДАНИЕ, строка 30	НЕ НАЗВАНА
I0048	KORPUS-2026-07-16_teorkat-landshaft.md	Проект держал ложное допущение, что у Маклейна нет топоса/экспоненты — опровергнуто чтением гл.4 §§4.9–4.10	_studio/zhurnal/2026-07-16_teorkat-landshaft/kod_vychitka-istochnikov.md#ОТЧЁТ, строка 192	меняет расчёт бюджета лекции 9 (финал) — путь короче, чем предполагалось волной 1, если сопряжения уже даны залу к этому моменту
I0049	KORPUS-2026-07-16_teorkat-landshaft.md	Лицензия Category Theory Illustrated (CC BY-NC) конфликтует с платным курсом — решение не принято	_studio/zhurnal/2026-07-16_teorkat-landshaft/kod_vychitka-istochnikov.md#ВОПРОСЫ, строка 173	НЕ НАЗВАНА
I0050	KORPUS-2026-07-16_teorkat-landshaft.md	OCR-обработка scan-a (установка tesseract/ocrmypdf, ручной прогон) обесценена появлением лучшего скана fizmatlit2004	_studio/zhurnal/2026-07-16_teorkat-landshaft/kod_vychitka-istochnikov.md#ОТЧЁТ, строки 256–266	НЕ НАЗВАНА (стоимость проделанной ранее OCR-работы не оценена явно)
I0051	KORPUS-2026-07-16_teorkat-landshaft.md	Третий скан Маклейна докачался в Downloads владельцем прямо во время инвентаризации, вне первого прохода	_studio/zhurnal/2026-07-16_teorkat-landshaft/kod_vychitka-istochnikov.md#ВОПРОСЫ, строка 176	три копии одного перевода Маклейна — избыточность в диске, не разгребал дальше без явного поручения
I0052	KORPUS-2026-07-16_teorkat-programma-dizajn.md	Предупреждение о реальном git-инциденте: коммит не по явным путям утащил чужой staged-индекс соседа	_studio/zhurnal/2026-07-16_teorkat-programma-dizajn/kod_biblioteka-vhodyashchee.md#ЗАДАНИЕ, строка 7	НЕ НАЗВАНА (только упоминание «реальный инцидент 2026-07-11», без раскрытия)
I0053	KORPUS-2026-07-16_teorkat-programma-dizajn.md	Среда не смогла подключиться к archive.org, из-за чего вместо нужного издания (MIT Press, Spivak) скачан более ранний препринт под другим названием	_studio/zhurnal/2026-07-16_teorkat-programma-dizajn/kod_biblioteka-vhodyashchee.md#ОТЧЁТ, строки 116, 165	~3.5 минуты на таймауты прежде чем переключиться на arXiv-зеркало
I0054	KORPUS-2026-07-16_teorkat-programma-dizajn.md	Заход спроектирован с зоной, пересекающейся с уже идущим соседним заходом, из-за ложного убеждения, что канон запрещает параллельность — пришлось ждать очереди	_studio/zhurnal/2026-07-16_teorkat-programma-dizajn/kod_biblioteka-vneshnyaya.md#ЗАДАНИЕ, строки 3–5	НЕ НАЗВАНА («ожидание было моей ленью, а не требованием канона» — без числа)
I0055	KORPUS-2026-07-16_teorkat-programma-dizajn.md	Греп по PDF, доказывающий присутствие, но не отсутствие, уже стоил проекту целого захода	_studio/zhurnal/2026-07-16_teorkat-programma-dizajn/kod_chego-net.md#ЗАДАНИЕ, строка 63	на этом проект уже потерял целый заход
I0056	KORPUS-2026-07-16_teorkat-programma-dizajn.md	Субагент (haiku) по одному совпадению грепа приписал Пирсу комма-категории и presheaf-категории, которых в тексте книги нет	_studio/zhurnal/2026-07-16_teorkat-programma-dizajn/kod_chego-net.md#ОТЧЁТ, строка 135	НЕ НАЗВАНА (ошибка поймана и исправлена прямым чтением до сдачи)
I0057	KORPUS-2026-07-16_teorkat-programma-dizajn.md	Предыдущий артефакт VNESHNYAYA-MERKA.md оказался неполнее источника: п.7 оксфордского силлабуса («Пределы, копределы, pullbacks и pushouts») в мерке не был назван	_studio/zhurnal/2026-07-16_teorkat-programma-dizajn/kod_chego-net.md#ВОПРОСЫ, строка 117	НЕ НАЗВАНА
I0058	KORPUS-2026-07-16_teorkat-programma-dizajn.md	Восемь внешних источников скачаны и влиты в библиотеку, но дайджестов у них не было — включая MIT-курс, не упомянутый во всём проекте ни разу	_studio/zhurnal/2026-07-16_teorkat-programma-dizajn/kod_dajdzhesty-i-mit.md#ЗАДАНИЕ, строки 8–14	НЕ НАЗВАНА (констатация: «ноль упоминаний во всём проекте» для MIT, «никто не открывал» для трёх книг)
I0059	KORPUS-2026-07-16_teorkat-programma-dizajn.md	Повтор предупреждения «греп доказывает присутствие, но не отсутствие — на этом проект уже потерял целый заход»	_studio/zhurnal/2026-07-16_teorkat-programma-dizajn/kod_dajdzhesty-i-mit.md#ЗАДАНИЕ, строка 67	на этом проект уже потерял целый заход
I0060	KORPUS-2026-07-16_teorkat-programma-dizajn.md	Повторное упоминание прецедента с субагентом, приписавшим Пирсу категории запятой по одному совпадению грепа — используется как довод не делегировать суждение части B	_studio/zhurnal/2026-07-16_teorkat-programma-dizajn/kod_dajdzhesty-i-mit.md#ЗАДАНИЕ, строка 94	НЕ НАЗВАНА
I0061	KORPUS-2026-07-16_teorkat-programma-dizajn.md	Все семь лекционных гейтов Л4 зелёные, а живой человек (владелец-лектор), прочитав материал, не понял «какой центральный объект, какие главные примеры и какие применения» — гейты 3/4 проверяли только существование id хука/развязки, не наличие содержания	_studio/zhurnal/2026-07-16_teorkat-programma-dizajn/kod_gejty-kursa.md#ЗАДАНИЕ, строки 6–10, 85	НЕ НАЗВАНА («механика сказала ✅, живой человек сказал «а что здесь вообще?»»)
I0062	KORPUS-2026-07-16_teorkat-programma-dizajn.md	Гейт «≥1 понятие и ≥1 утверждение» (счёт родов карточек) ложно-зелёный на Л5 и Л9: их единственные «утверждения» на деле вердикты о проекте, а не факты математики	_studio/zhurnal/2026-07-16_teorkat-programma-dizajn/kod_gejty-kursa.md#ЗАДАНИЕ, строка 83	НЕ НАЗВАНА
I0063	KORPUS-2026-07-16_teorkat-programma-dizajn.md	Гейт «степень связности в графе ≥5» ложно-красный на Л6, хотя внешняя мерка называет Л6 самым сильным совпадением курса	_studio/zhurnal/2026-07-16_teorkat-programma-dizajn/kod_gejty-kursa.md#ЗАДАНИЕ, строка 84	НЕ НАЗВАНА
I0064	KORPUS-2026-07-16_teorkat-programma-dizajn.md	Пре-коммит хук лессонов глобальный: проверяет весь UROKI-FABRIKE.md при любом коммите — недописанный (без ЦЕНЫ) урок соседнего параллельного захода заблокировал коммит точки отката не тронутого этим заходом файла	_studio/zhurnal/2026-07-16_teorkat-programma-dizajn/kod_gejty-kursa.md#УРОКИ ФАБРИКЕ, строки 156–158	один обход `--no-verify` на точке отката; пока в общем `UROKI-FABRIKE.md` лежит недописанный урок соседнего захода, каждый параллельный заход вынужден коммитить через `--no-verify` глобально мимо всех хуков
I0065	KORPUS-2026-07-16_teorkat-programma-dizajn.md	Изолированный верификатор нашёл устаревшее ребро Л8∈{arifmetika} в KARTA-OBLASTI.md — нить оправдывалась связью «→NNO», а NNO уехал с Л8 на Л3 ещё 17.07	_studio/zhurnal/2026-07-16_teorkat-programma-dizajn/kod_gejty-kursa.md#ОТЧЁТ, строка 225	НЕ НАЗВАНА (гейт-вердикт G-C формально не переворачивается, но «число «Л8=3» частично на фантоме»)
I0066	KORPUS-2026-07-16_teorkat-programma-dizajn.md	Карточка `chl` числится в строке Л8 роутера SPEKA §Слой 2, но по всем связям и по собственному вердикту принадлежит Л3/Л9 — дефект центральной карты проекта	_studio/zhurnal/2026-07-16_teorkat-programma-dizajn/kod_karta-lekciy-8.md#ВОПРОСЫ, строка 173	НЕ НАЗВАНА
I0067	KORPUS-2026-07-16_teorkat-programma-dizajn.md	SPEKA.md (истина проекта) содержит устаревшее утверждение «три лекции не имеют карточки рода мотивация: Л1, Л8, Л9», опровергнутое живым check_kartoteka (Л1=2, Л8=1, Л9=1)	_studio/zhurnal/2026-07-16_teorkat-programma-dizajn/kod_karta-lekciy-8.md#ВОПРОСЫ, строка 175	НЕ НАЗВАНА
I0068	KORPUS-2026-07-16_teorkat-programma-dizajn.md	Повторное упоминание прецедента с субагентом, приписавшим Пирсу категории запятой по одному совпадению грепа — довод не делегировать выбор hook/razvyazka/izobretenie	_studio/zhurnal/2026-07-16_teorkat-programma-dizajn/kod_karta-lekciy-8.md#ЗАДАНИЕ, строка 113	НЕ НАЗВАНА
I0069	KORPUS-2026-07-16_teorkat-programma-dizajn.md	`check_kartoteka.py` не метит статус seed у карточек рода «пример» — слепое пятно скрипта, обнаружено при проверке образца Л5	_studio/zhurnal/2026-07-16_teorkat-programma-dizajn/kod_karta-lekciy-8.md#ОТЧЁТ, строка 215	НЕ НАЗВАНА
I0070	KORPUS-2026-07-16_teorkat-programma-dizajn.md	`sostoyanie_lekcii.py` читало статус «ЧАСТИЧНО» как ✅ для гейта 5 на Л1 — исполнитель поймал и исправил на честный ❌ до сдачи	_studio/zhurnal/2026-07-16_teorkat-programma-dizajn/kod_karta-lekciy-8.md#ОТЧЁТ, строка 208	НЕ НАЗВАНА
I0071	KORPUS-2026-07-16_teorkat-programma-dizajn.md	grep=0 в PDF-корпусе принят волной за доказательство отсутствия — записано «у Ловера NNO нет», хотя предмет есть в Part III	_studio/zhurnal/2026-07-16_teorkat-programma-dizajn/kod_khl-kontent.md#ЗАДАНИЕ, строка 40	волна записала «у Ловера NNO нет» по `грep = 0` — ложь, предмет есть в Part III
I0072	KORPUS-2026-07-16_teorkat-programma-dizajn.md	Вердикт «дыр не найдено» прошлой арки на деле означал охват 2 лекций из 9, но читался как проверка всех девяти	_studio/zhurnal/2026-07-16_teorkat-programma-dizajn/kod_khl-kontent.md#ЗАДАНИЕ, строка 100	цена клаузы заплачена на этой арке: вердикт «дыр не найдено» на деле означал «проверено 2 лекции из 9» и читался как «все девять»
I0073	KORPUS-2026-07-16_teorkat-programma-dizajn.md	Контракт зоны «git add X → git commit» на общей ветке сработал как bare-commit и забрал в коммит исполнителя весь чужой незакоммиченный индекс	_studio/zhurnal/2026-07-16_teorkat-programma-dizajn/kod_khl-kontent.md#УРОКИ ФАБРИКЕ, строки 129–131	один неверный коммит (3 файла вместо 1), откат `git reset --soft HEAD~1` + перекоммит с pathspec — ~2 лишних цикла; риск впечь чужую незакоммиченную работу в свой коммит на общей ветке
I0074	KORPUS-2026-07-16_teorkat-programma-dizajn.md	Разведчик-субагент выдал оглавление (TOC) главы за постраничное чтение PDF и добавил в дистиллят выдуманную деталь	_studio/zhurnal/2026-07-16_teorkat-programma-dizajn/kod_l4-l5-programma.md#УРОКИ ФАБРИКЕ, строки 77–79	одна фабрикация цитаты + один overclaim «постранично» дошли до артефакта; поймал их только отдельный проход верификатора (~182k токенов)
I0075	KORPUS-2026-07-16_teorkat-programma-dizajn.md	Критерий готовности обещал снятие обоих гейтов check_kurs.py (G-A и G-B), но card-set из трёх вердиктов давал контент только для G-B	_studio/zhurnal/2026-07-16_teorkat-programma-dizajn/kod_l4-l5-vlivanie.md#УРОКИ ФАБРИКЕ, строки 62–64	гейт красный законно; стоимость — только неточность формулировки критерия готовности в заходе (излишний оптимизм «G-A/G-B сняты»)
I0076	KORPUS-2026-07-16_teorkat-programma-dizajn.md	Аналитик сочинил мотивацию экспоненты («сделать стрелки объектом»), не проверив картотеку — владелец отверг её за пять минут	_studio/zhurnal/2026-07-16_teorkat-programma-dizajn/kod_l4-motivaciya.md#ЗАДАНИЕ, строки 47–48	владелец разбил её за пять минут («вопрос, которого нет ни у кого в зале»), а готовая мотивация лежала в картотеке с вечера
I0077	KORPUS-2026-07-16_teorkat-programma-dizajn.md	Аналитик снова сочинил мотивацию (двойственность кванторов ∃/∀) для слоёв и построил на ней весь шов Л3→Л4	_studio/zhurnal/2026-07-16_teorkat-programma-dizajn/kod_l4-motivaciya.md#ЗАДАНИЕ, строки 49–50	предшественник пометил опорную карточку `motivation-adjoint-everywhere` как «чистый круг»
I0078	KORPUS-2026-07-16_teorkat-programma-dizajn.md	Аналитик исключил kartoteka/** из зоны предыдущего захода и отправил искать «молчаливые опоры» без файла, где они живут	_studio/zhurnal/2026-07-16_teorkat-programma-dizajn/kod_molchalivye-opory.md#ЗАДАНИЕ, строки 7–9	§2.3 — самую ценную часть — выполнил на 2 лекциях из 9
I0079	KORPUS-2026-07-16_teorkat-programma-dizajn.md	Критерий готовности №3 в буквальном чтении объявил бы дырой любое понятие, введённое и использованное в пределах одной лекции	_studio/zhurnal/2026-07-16_teorkat-programma-dizajn/kod_molchalivye-opory.md#ВОПРОСЫ, строка 178	НЕ НАЗВАНА (если скрипт приёмки читает критерий буквально, покраснеет на 12 строках правильного материала по неправильной причине)
I0080	KORPUS-2026-07-16_teorkat-programma-dizajn.md	Аналитик трижды сочинял мотивацию вместо чтения картотеки, и трижды её убивал живой прибор или предшественник	_studio/zhurnal/2026-07-16_teorkat-programma-dizajn/kod_motivacii-l1-l8-l9.md#ЗАДАНИЕ, строки 45–58	провал №1 — владелец разбил за пять минут; провал №2 — опорная карточка помечена «чистый круг»; провал №3 — тот же диагноз, записан в план
I0081	KORPUS-2026-07-16_teorkat-programma-dizajn.md	Оригинал Хайленда 1982 не прочитан из-за TLS-ошибки при обращении к dpmms.cam.ac.uk, второй субагент был остановлен	_studio/zhurnal/2026-07-16_teorkat-programma-dizajn/kod_motivacii-l1-l8-l9.md#ВОПРОСЫ, строка 148	вердикт по эффективному топосу стоит на качественных вторичных источниках, финал курса «не верифицирован до конца»
I0082	KORPUS-2026-07-16_teorkat-programma-dizajn.md	Два субагента волны 2 умерли на обрыве соединения; один довосстановлен, второй остановлен и его работа отменена без повторного запуска	_studio/zhurnal/2026-07-16_teorkat-programma-dizajn/kod_motivacii-l1-l8-l9.md#ОТЧЁТ, строка 336	у первого потерялась только финальная реплика, у второго работа отменена и не запускалась повторно
I0083	KORPUS-2026-07-16_teorkat-programma-dizajn.md	Заход содержал ложную предпосылку о месте карточки в источнике: «фундаментальный группоид у Маклейна уже написан в §2.5» — на деле это §1.5	_studio/zhurnal/2026-07-16_teorkat-programma-dizajn/kod_motivacii-l1-l8-l9.md#ОТЧЁТ, строка 299	НЕ НАЗВАНА
I0084	KORPUS-2026-07-16_teorkat-programma-dizajn.md	Собственный верификатор исполнителя содержал баг (вычищал бэктики из всей шапки, включая прозу), давший 2 ложных ошибки на первом прогоне	_studio/zhurnal/2026-07-16_teorkat-programma-dizajn/kod_motivacii-l1-l8-l9.md#ОТЧЁТ, строка 295	НЕ НАЗВАНА (баг починен до сдачи)
I0085	KORPUS-2026-07-16_teorkat-programma-dizajn.md	OCR русского Маклейна ломает греческие буквы («π(X)» → «7г(Х)»), греп по «π» молча возвращает пусто	_studio/zhurnal/2026-07-16_teorkat-programma-dizajn/kod_nno-i-shkolnye-opory.md#ЗАДАНИЕ, строка 27	мина, на которой погорели три захода
I0086	KORPUS-2026-07-16_teorkat-programma-dizajn.md	Дайджест волны 1 честно зафиксировал грep=0 по «natural numbers object» у Ловера и сделал вывод «у Ловера NNO нет» — вывод оказался ложным	_studio/zhurnal/2026-07-16_teorkat-programma-dizajn/kod_nno-i-shkolnye-opory.md#ОТЧЁТ, строки 181–182	вывод оказался ложным и стоил проекта захода
I0087	KORPUS-2026-07-16_teorkat-programma-dizajn.md	Карточка `nno-prodolzhenie` указывала неверный источник («Ловер–Шануэль Part IV» вместо реального Part III, на 30 страниц позже)	_studio/zhurnal/2026-07-16_teorkat-programma-dizajn/kod_nno-i-shkolnye-opory.md#ОТЧЁТ, строка 192	ошибка работала в пользу «NNO дорогой» — отсылала на 30 страниц позже реального места
I0088	KORPUS-2026-07-16_teorkat-programma-dizajn.md	Аналитик указал на удалённый файл (`L4-motivaciya.md`) как на живой источник, хотя тот уже был влит в KARTA и стёрт коммитом	_studio/zhurnal/2026-07-16_teorkat-programma-dizajn/kod_shov-l4-l5.md#ЗАДАНИЕ, строки 12–16	гейт входа поймал; шестой дефектный вход подряд
I0089	KORPUS-2026-07-16_teorkat-programma-dizajn.md	Грep=0 по PDF-корпусу принят за доказательство отсутствия — записано «у Ловера NNO нет», хотя предмет есть в Part III	_studio/zhurnal/2026-07-16_teorkat-programma-dizajn/kod_shov-l4-l5.md#ЗАДАНИЕ, строка 46	цена уже заплачена: волна записала «у Ловера NNO нет» — ложь, предмет есть в Part III
I0090	KORPUS-2026-07-16_teorkat-programma-dizajn.md	Аналитик держал в голове вывод «NNO дорогой», подпираемый неверной ссылкой карточки (Part IV вместо Part III, на 30 страниц позже)	_studio/zhurnal/2026-07-16_teorkat-programma-dizajn/kod_shov-l4-l5.md#ЗАДАНИЕ, строка 64	ошибка ровно подпирала вывод «NNO дорогой», который был у аналитика в голове
I0091	KORPUS-2026-07-16_teorkat-programma-dizajn.md	Аналитик трижды за трое суток сочинял мотивацию вместо чтения картотеки, все три раза прибор или исполнитель её убивали	_studio/zhurnal/2026-07-16_teorkat-programma-dizajn/kod_shov-l4-l5.md#ЗАДАНИЕ, строка 57	НЕ НАЗВАНА
I0092	KORPUS-2026-07-16_teorkat-programma-dizajn.md	STANDART-uzla.md не содержит рода «находка» (узаконен только 17.07), из-за чего карточка `verdict-rifma-lccc` записана как `утверждение` и лекция Л5 проходит гейт по родам фальшиво	_studio/zhurnal/2026-07-16_teorkat-programma-dizajn/kod_shov-l4-l5.md#ЗАДАНИЕ, строка 77	НЕ НАЗВАНА
I0093	KORPUS-2026-07-16_teorkat-programma-dizajn.md	Механический гейт check_kartoteka.py читает лекцию зелёной по таблице родов, даже когда обязательная мотивация гейта 1 фактически вырезана	_studio/zhurnal/2026-07-16_teorkat-programma-dizajn/kod_shov-l4-l5.md#УРОКИ ФАБРИКЕ, строки 189–191	без враждебного верификатора на приёмку ушла бы гнилая рекомендация с зелёными числами
I0094	KORPUS-2026-07-16_teorkat-programma-dizajn.md	Пре-коммит-хук проверки цены уроков в UROKI-FABRIKE.md действует репо-глобально и блокирует коммиты заходов, не трогающих этот файл, из-за чужого урока №12 без строки ЦЕНА	_studio/zhurnal/2026-07-16_teorkat-programma-dizajn/kod_shov-l4-l5.md#УРОКИ ФАБРИКЕ, строки 193–195	2 моих коммита заблокированы, каждый снят --no-verify; стоячий налог на все параллельные заходы, пока урок №12 не оценят или не удалят
I0095	KORPUS-2026-07-16_teorkat-programma-dizajn.md	Параллельный запуск двух заходов в одной зоне/ветке уже приводил к тому, что авто-коммит одной зоны утаскивал файлы другой	_studio/zhurnal/2026-07-16_teorkat-programma-dizajn/kod_vneshnyaya-merka.md#ЗАДАНИЕ, строки 6–8	инцидент 2026-07-11: авто-коммит одной зоны утащил файлы другой
I0096	KORPUS-2026-07-16_teorkat-programma-dizajn.md	Заход целился в устаревшее 2-е издание Smith (2025), тогда как порядок глав между изданиями значимо переставлен, а именно порядок — предмет измерения захода	_studio/zhurnal/2026-07-16_teorkat-programma-dizajn/kod_vneshnyaya-merka.md#ОТЧЁТ, строка 257	2-е изд. «significantly rearranged the order of some of the chapters», а измеряем именно порядок
I0097	KORPUS-2026-07-16_teorkat-programma-dizajn.md	Шапка VYCHITANO.md заявляла «Статус: ПУСТОЙ (2026-07-16)» при десятке реально записанных дайджестов внутри файла	_studio/zhurnal/2026-07-16_teorkat-programma-dizajn/kod_vneshnyaya-merka.md#ОТЧЁТ, строка 319	НЕ НАЗВАНА (врало до исполнителя, не тронуто, оставлено на заметку аналитику)
I0098	KORPUS-2026-07-16_teorkat-programma-dizajn.md	Роутер SPEKA держит nno на Л8, а параллельный заход-предшественник вынес обоснованный вердикт «адрес NNO = Л3»; расхождение читается гейтом check_kartoteka.py как истина	_studio/zhurnal/2026-07-16_teorkat-programma-dizajn/kod_vneshnyaya-merka.md#ВОПРОСЫ, строки 162–166	НЕ НАЗВАНА
I0099	KORPUS-2026-07-16_teorkat-programma-dizajn.md	SPEKA §Опоры зала утверждала, что курс Nottingham «держится на Haskell» — греп по всем 4 конспектам дал 0 вхождений слова Haskell	_studio/zhurnal/2026-07-16_teorkat-programma-dizajn/kod_vneshnyaya-merka.md#ОТЧЁТ, строки 269–272	НЕ НАЗВАНА
I0100	KORPUS-2026-07-16_teorkat-programma-dizajn.md	STANDART-uzla.md перечисляет роды карточек без «находка», но в KARTA-OBLASTI.md уже есть карточки под родом «находка» — исполнитель вынужден переродить свою карточку в «утверждение»	_studio/zhurnal/2026-07-16_teorkat-programma-dizajn/kod_zona-c-topos.md#ВОПРОСЫ, строка 117	НЕ НАЗВАНА
I0101	KORPUS-2026-07-16_teorkat-programma-dizajn.md	12. ⭐⭐⭐ Заход, получивший вывод аналитика как данность, не может его оспорить — и не оспорит	_studio/zhurnal/2026-07-16_teorkat-programma-dizajn/UROKI-FABRIKE.md#УРОКИ ФАБРИКЕ, строки 213–279	полный прогон Opus (`kod_l4-motivaciya`) искал мотивацию для лекции, лекционность которой не проверял никто, — я вложил ему во вход «надо мотивировать слайс и pullback» в форме факта. Владелец нашёл дыру **на слух, через сутки**, одной фразой («не понял, какой центральный объект»); кусок Л4–Л5 перес
I0102	KORPUS-2026-07-16_teorkat-programma-dizajn.md	13. ⭐⭐⭐ Гейт на ОБЩЕМ файле краснит коммиты в чужих зонах — и учит обходить весь pre-commit	_studio/zhurnal/2026-07-16_teorkat-programma-dizajn/UROKI-FABRIKE.md#УРОКИ ФАБРИКЕ, строки 280–295	два захода из трёх обошли pre-commit целиком (`--no-verify`) той же ночью — и вместе с покрасневшим гейтом выключили ВСЕ остальные ворота на своих коммитах.
I0103	KORPUS-2026-07-16_teorkat-programma-dizajn.md	14. ⭐⭐ Новый гейт возвращает RC=1 и на «есть что показать», и на «ты вызвал меня неправильно» — красное неотличимо от опечатки	_studio/zhurnal/2026-07-16_teorkat-programma-dizajn/UROKI-FABRIKE.md#УРОКИ ФАБРИКЕ, строки 296–307	near-miss, мой (ход 16, 01:50). Я перегонял `check_kurs.py --audit-donor` для приёмки, промахнулся формой вызова (лишний позиционный `teoriya-kategoriy` перед флагом) — скрипт напечатал **usage** и вернул **RC=1**. Тот же код, которым он говорит «есть что показать». **Я чуть не записал «`--audit-don
I0104	KORPUS-2026-07-16_teorkat-programma-dizajn.md	15. ⭐⭐⭐ Гейт, промахнувшийся мимо входа, отвечает ЗЕЛЁНЫМ. Охват печатается только у красного вердикта — у зелёного его не печатает никто	_studio/zhurnal/2026-07-16_teorkat-programma-dizajn/UROKI-FABRIKE.md#УРОКИ ФАБРИКЕ, строки 308–322	near-miss, мой (ход 17, 02:25), **и он же — рецидив №14 в зеркале, той же ночью**. Я прогонял объективные гейты приёмки формой, **которую предписало моё же ТЗ**: `check_uroki.py <папка-арки>`. Получил **тишину и RC=0** и уже записал «верификатор уроков зелёный». Это ложь: скрипт документирует вход `
I0105	KORPUS-2026-07-16_teorkat-programma-dizajn.md	16. ⭐⭐ Греп-ПОДСТРОКА раздувает присутствие: 19 вхождений «сечени» — это 18 «переСЕЧЕНИЙ» и один настоящий термин	_studio/zhurnal/2026-07-16_teorkat-programma-dizajn/UROKI-FABRIKE.md#УРОКИ ФАБРИКЕ, строки 323–332	near-miss, мой (ход 17, 02:45), на **гейте исходящего текста** — том самом, что уже ловил кальки по дороге в письмо заказчику. Закрывал долг термина «сечение» (хенд-офф `shov-l4-l5`, вторая ночь). По канону начал с корпуса, не с веба: `grep -rli "сечени"` → **найдено в рус. Маклейне**. Дальше напраш
I0106	KORPUS-2026-07-16_teorkat-programma-dizajn.md	17. ⭐⭐⭐ В ПОВТОРЯЮЩЕМСЯ прогоне лежалый файл прошлого хода неотличим от свежего — его писал идентичный предшественник той же командой	_studio/zhurnal/2026-07-16_teorkat-programma-dizajn/UROKI-FABRIKE.md#УРОКИ ФАБРИКЕ, строки 333–348	near-miss, мой (ход 18, 02:53), **третий рецидив семейства «ложное зелёное на инструменте приёмки» за одну ночь** (№14 → №15 → №17). Перегонял объективные гейты приёмки пачкой: `python3 … check_kartoteka.py … > /tmp/ck.txt 2>&1; echo "RC=$?"; tail -12 /tmp/ck.txt`. В песочнице Cowork **`/tmp` не пиш
I0107	KORPUS-2026-07-16_teorkat-programma-dizajn.md	18. ⭐⭐ Ложный ноль грепа по РЕГИСТРУ — четвёртая причина, и единственная, что живёт в НАШИХ файлах, а не в чужих PDF	_studio/zhurnal/2026-07-16_teorkat-programma-dizajn/UROKI-FABRIKE.md#УРОКИ ФАБРИКЕ, строки 349–364	near-miss, мой (ход 19, 03:55), на **аудите чужой ПРИЁМКИ** — и с направлением, которого у семейства ещё не было. Перепроверял, не подыграли ли ходы 15/16, приняв три захода: ТЗ требует, чтобы у `khl-kontent` **каждый кусок был помечен ТЕОРЕМА или ТРЮК ЯЗЫКА** («трюк в несущем месте = брак по ТЗ»). 
I0108	KORPUS-2026-07-16_teorkat-programma-dizajn.md	19. ⭐⭐⭐ Делегируя поиск, аналитик задаёт ОБЛАСТЬ — и ложный ноль рождается в границе задания, а не в работе субагента	_studio/zhurnal/2026-07-16_teorkat-programma-dizajn/UROKI-FABRIKE.md#УРОКИ ФАБРИКЕ, строки 365–378	near-miss, мой (ход 20, 05:23), **на консолидации — и он бы обвинил в фантоме ТЗ владельца**. Гейт консолидации требует «читал дневник ЦЕЛИКОМ, а не верхушку». Дневник — 1533 строки, ночные ходы 15–19 я прочёл сам, остальное **делегировал субагенту**, задав область дословно: «прочитай `SESSIYA.md` *
I0109	KORPUS-2026-07-18_teorkat-l1.md	Канал субагентов не упал, а деградировал по времени, и это спутали с отказом канала	_studio/zhurnal/2026-07-18_teorkat-l1/kod_dobrat-vshir.md#УРОКИ ФАБРИКЕ, строки 74–76	четыре цели §2B из шести не тронуты вовсе (8 обработанных кусков из 36 намеченных); часть недобора вызвана преждевременным выводом исполнителя об отказе канала, а не самим отказом
I0110	KORPUS-2026-07-18_teorkat-l1.md	Инструкция «страховать ответ субагента файлом» появилась только после первого падения, три смерти пришлись до неё	_studio/zhurnal/2026-07-18_teorkat-l1/kod_dobrat-vshir.md#УРОКИ ФАБРИКЕ, строки 78–80	~40 минут работы четырёх выемщиков выброшены полностью, повторить их не удалось
I0111	KORPUS-2026-07-18_teorkat-l1.md	PLAN.md арки правится аналитиком параллельно, а контракт зоны отдаёт исполнителю всю папку журнала целиком	_studio/zhurnal/2026-07-18_teorkat-l1/kod_dobrat-vshir.md#УРОКИ ФАБРИКЕ, строки 82–84	коммит папкой утащил бы чужую незаконченную правку аналитика; поймано только потому что исполнитель посмотрел `git status` перед коммитом
I0112	KORPUS-2026-07-18_teorkat-l1.md	Критерий готовности требует пункт «приёмы из Smith», но сам заход ставит Smith шестым (последним) приоритетом	_studio/zhurnal/2026-07-18_teorkat-l1/kod_dobrat-vshir.md#УРОКИ ФАБРИКЕ, строки 86–88	при любом недоборе бюджета обязательный пункт отчёта оказывается непокрытым по построению
I0113	KORPUS-2026-07-18_teorkat-l1.md	Контракт зоны предписал невыполнимый первый ход: `git checkout main`, а `main` не содержит проекта вовсе	_studio/zhurnal/2026-07-18_teorkat-l1/kod_obogatit-vvedenie.md#УРОКИ ФАБРИКЕ, строки 62–63	слепой `git checkout main` уронил бы заход либо увёл в пустое дерево; стоило ~5 разведочных tool-call'ов
I0114	KORPUS-2026-07-18_teorkat-l1.md	Сталый `HEAD.lock` (от 18.07) блокировал все коммиты репозитория	_studio/zhurnal/2026-07-18_teorkat-l1/kod_obogatit-vvedenie.md#УРОКИ ФАБРИКЕ, строки 65–66	первый коммит точки отката упал (`fatal: cannot lock ref 'HEAD'`); снят вручную после проверки отсутствия живого git-процесса (+2 tool-call'а)
I0115	KORPUS-2026-07-18_teorkat-l1.md	Мёртвые URL-якоря в SPISOK-skachat/ZOOPARK теряют источник молча	_studio/zhurnal/2026-07-18_teorkat-l1/kod_obogatit-vvedenie.md#УРОКИ ФАБРИКЕ, строки 68–69	2 из 4 первых докачек дали 404; живые зеркала найдены через WebSearch/Wayback, +3 tool-call'а
I0116	KORPUS-2026-07-18_teorkat-l1.md	Субагенты на длинных чтениях PDF систематически рвутся «Connection closed mid-response»	_studio/zhurnal/2026-07-18_teorkat-l1/kod_obogatit-vvedenie.md#УРОКИ ФАБРИКЕ, строки 71–72	3 из 5 читателей + верификатор оборвались после ~30 мин/~100k токенов каждый; 4 источника дочитывал исполнитель сам
I0117	KORPUS-2026-07-18_teorkat-l1.md	Долг «🔴 ДОЛГ: 8 источников без дайджестов» в шапке MANIFEST.md был закрыт заходом двумя днями раньше, а предупреждение снять забыли	_studio/zhurnal/2026-07-18_teorkat-l1/kod_poisk-primerov.md#УРОКИ ФАБРИКЕ, строки 63–65	исполнитель полтора часа держал в голове ложную картину «восемь источников не читаны»; поймал не он, а верификатор, попутно
I0118	KORPUS-2026-07-18_teorkat-l1.md	Требование «якорь = дословная цитата у каждой строки» конфликтует с ограничением на цитирование	_studio/zhurnal/2026-07-18_teorkat-l1/kod_poisk-primerov.md#УРОКИ ФАБРИКЕ, строки 67–69	три субагента из десяти отказались давать дословный якорь; для трёх кусков (≈90 строк) привязку пришлось проверять вручную, плюс два запуска ушли на переформулировку промпта
I0119	KORPUS-2026-07-18_teorkat-l1.md	Ответы субагентов пришли обрезанными без падения — тихая потеря, а не смерть	_studio/zhurnal/2026-07-18_teorkat-l1/kod_poisk-primerov.md#УРОКИ ФАБРИКЕ, строки 71–73	кусок 05 потерял начало, кусок 07 (прямой заказ владельца) — из заявленных 52 строк дошли последние 9; исполнитель перечитывал сам, ≈20 минут работы плюс сгоревший запуск субагента
I0120	KORPUS-2026-07-18_teorkat-l1.md	Гейт «источник без дайджеста = не читан» не покрывает `web/` — десять файлов годами вне гейта	_studio/zhurnal/2026-07-18_teorkat-l1/kod_poisk-primerov.md#УРОКИ ФАБРИКЕ, строки 75–77	источник cti-* пролежал непрочитанным два дня и три захода, потому что не попадал в печатаемый долг
I0121	KORPUS-2026-07-18_teorkat-l1.md	Честная приписка «этот файл я НЕ читал» в VYCHITANO.md заглушает механический гейт долга	_studio/zhurnal/2026-07-18_teorkat-l1/kod_poisk-primerov.md#УРОКИ ФАБРИКЕ, строки 79–81	ноль (поймано и починено в том же ходу), но класс ошибки воспроизводится сам собой
I0122	KORPUS-2026-07-18_teorkat-l1.md	`file` врёт про число страниц PDF	_studio/zhurnal/2026-07-18_teorkat-l1/kod_poisk-primerov.md#УРОКИ ФАБРИКЕ, строки 83–85	ноль (проверено `pdfinfo`), но `file baez-ct.pdf` дал «6 pages» вместо реальных 59
I0123	KORPUS-2026-07-18_teorkat-l1.md	KARTA-OBLASTI.md содержал лишний третий фенс, из-за чего парность разъезжалась для всей второй половины файла	_studio/zhurnal/2026-07-18_teorkat-l1/kod_poisk-primerov.md#ОТЧЁТ, строки 267–268	общее число фенсов было 433 (нечётное), парность рендера сломана для второй половины файла; найдено верификатором, не исполнителем
I0124	KORPUS-2026-07-18_teorkat-l1.md	1. Контракт зоны предписал `git checkout main`, но проект живёт на `teorkat-istochniki`	_studio/zhurnal/2026-07-18_teorkat-l1/UROKI-FABRIKE.md#УРОКИ ФАБРИКЕ, строки 39–42	`main` на 133 коммита позади (стан. «buffon»), `teoriya-kategoriy/` там нет вовсе — слепой `checkout main` уронил бы заход или увёл в пустое дерево. ~5 разведочных tool-call'ов + осознанное отступление от буквы контракта. `bootstrap_zahod` хардкодит `main`, не сверяясь с фактической веткой проекта. 
I0125	KORPUS-2026-07-18_teorkat-l1.md	2. Сталый `HEAD.lock` (18.07) блокировал ВСЕ коммиты репозитория	_studio/zhurnal/2026-07-18_teorkat-l1/UROKI-FABRIKE.md#УРОКИ ФАБРИКЕ, строки 43–46	первый коммит точки отката упал (`cannot lock ref 'HEAD'`); снят вручную после проверки, что живого git нет (+2 tool-call'а). Тот же lock блокировал ручные коммиты владельца несколько раз. Оставлен аварией прошлой сессии.
I0126	KORPUS-2026-07-18_teorkat-l1.md	3. Мёртвые URL-якоря в `SPISOK-skachat`/`ZOOPARK` теряют источник молча	_studio/zhurnal/2026-07-18_teorkat-l1/UROKI-FABRIKE.md#УРОКИ ФАБРИКЕ, строки 47–50	2 из 4 первых докачек — 404 (Mazur harvard, Cheng boffosocko); живые зеркала (OSU / Wayback) найдены поиском, +3 tool-call'а. Ссылки в проекте не проверяются на живость; заход, слепо доверяющий одной ссылке, теряет источник без следа.
I0127	KORPUS-2026-07-18_teorkat-l1.md	4. Пять параллельных ~30-мин PDF-субагентов систематически рвутся «Connection closed mid-response»	_studio/zhurnal/2026-07-18_teorkat-l1/UROKI-FABRIKE.md#УРОКИ ФАБРИКЕ, строки 51–56	3 из 5 читателей + верификатор оборвались после ~30 мин / ~100k токенов — сожжённые токены без результата; 4 источника дочитаны в одном контексте, вердикт достан `resume`'ом. В этой среде не ставить крупную пачку тяжёлых PDF-субагентов разом.
I0128	KORPUS-2026-07-18_teorkat-l1.md	5. Забытый «🔴 ДОЛГ …» в шапке врёт ровно так же, как соврало бы число	_studio/zhurnal/2026-07-18_teorkat-l1/UROKI-FABRIKE.md#УРОКИ ФАБРИКЕ, строки 57–60	в шапке `MANIFEST.md` два дня висело «ДОЛГ: 8 источников БЕЗ ДАЙДЖЕСТОВ», хотя долг закрыт 17.07 заходом `kod_dajdzhesty-i-mit`. Исполнитель прочитал MANIFEST первым ходом как якорь и ~1.5 часа планировал охват по ложной картине. Поймал ВЕРИФИКАТОР попутно, вне своего задания. Проектное правило «чис
I0129	KORPUS-2026-07-18_teorkat-l1.md	6. Требование «якорь = дословная цитата у каждой строки» упирается в ограничение на цитирование	_studio/zhurnal/2026-07-18_teorkat-l1/UROKI-FABRIKE.md#УРОКИ ФАБРИКЕ, строки 61–64	3 субагента из 10 отказались давать десятки verbatim-фрагментов из одной современной книги (Cheng, CUP 2022) — отказались правильно и вслух, заменив якоря структурными указателями. Для ≈90 строк привязку пришлось проверять вручную по PDF; 2 запуска ушли на переформулировку промпта. Якорь надо задава
I0130	KORPUS-2026-07-18_teorkat-l1.md	7. Ответы субагентов приходят ОБРЕЗАННЫМИ — это не падение, а тихая потеря	_studio/zhurnal/2026-07-18_teorkat-l1/UROKI-FABRIKE.md#УРОКИ ФАБРИКЕ, строки 65–68	никто не умер (в отличие от прошлого прогона), но два ответа пришли усечёнными: кусок 05 потерял начало, кусок 07 — из заявленных им же 52 строк дошли последние 9. Кусок 07 — глава про универсальные свойства, прямой заказ владельца; перечитан вручную, ≈20 мин + сгоревший запуск. Поймать удалось ТОЛЬ
I0131	KORPUS-2026-07-18_teorkat-l1.md	8. Гейт «источник без дайджеста = не читан» не покрывает `web/`	_studio/zhurnal/2026-07-18_teorkat-l1/UROKI-FABRIKE.md#УРОКИ ФАБРИКЕ, строки 69–72	команда покрытия считает только `pdf/*.pdf`. `cti-*` (Category Theory Illustrated) — по факту второй по силе донор бытовых примеров в корпусе — числился нечитанным с 17.07 и пролежал два дня и три захода вне печатаемого долга, дав в итоге 33 строки каталога и 3 карточки-жемчужины.
I0132	KORPUS-2026-07-18_teorkat-l1.md	9. Честная приписка «этот файл я НЕ читал» ЗАГЛУШАЕТ механический гейт	_studio/zhurnal/2026-07-18_teorkat-l1/UROKI-FABRIKE.md#УРОКИ ФАБРИКЕ, строки 73–76	ноль (поймано в том же ходу), но класс воспроизводится сам собой. Написав в `VYCHITANO.md` честную строку «`cti-05-logic.md` заходом не читался», исполнитель внёс имя файла в файл — и `grep -q "$(basename $f)"` перестал печатать его как долг: честное признание сработало как враньё. Гейт, который глу
I0133	KORPUS-2026-07-18_teorkat-l1.md	10. `file` врёт про число страниц PDF	_studio/zhurnal/2026-07-18_teorkat-l1/UROKI-FABRIKE.md#УРОКИ ФАБРИКЕ, строки 77–82	ноль (проверено вторым инструментом), но чуть не забракована докачка: `file baez-ct.pdf` → «6 pages», `pdfinfo` на том же файле → 59. Число страниц — только `pdfinfo`.
I0134	KORPUS-2026-07-18_teorkat-l1.md	11. Канал субагентов не «лёг», а ДЕГРАДИРОВАЛ — и диагностируется это неправильно	_studio/zhurnal/2026-07-18_teorkat-l1/UROKI-FABRIKE.md#УРОКИ ФАБРИКЕ, строки 83–86	семь выемщиков отработали, затем четыре подряд умерли по `Stream idle timeout`; исполнитель счёл канал мёртвым и перешёл на ручное чтение — **и ошибся**: запущенный в тот же период выемщик по Лейнстеру шёл 25 минут и вернулся с самыми плотными 38 строками захода. Итог: **8 обработанных кусков из 36*
I0135	KORPUS-2026-07-18_teorkat-l1.md	12. Страховка «сначала запиши добычу в файл, потом выдай в чат» появилась только на четвёртой волне	_studio/zhurnal/2026-07-18_teorkat-l1/UROKI-FABRIKE.md#УРОКИ ФАБРИКЕ, строки 87–90	из четырёх умерших выемщиков ни один ничего не сохранил (трое запущены до поправки, четвёртый умер раньше первого инструмента) — ~40 минут работы выброшены безвозвратно. Приём копеечный и должен стоять в каноне промпта выемщика по умолчанию, а не изобретаться по ходу после первой потери.
I0136	KORPUS-2026-07-18_teorkat-l1.md	13. «ЗОНА = папка целиком» ломается, когда в папке живут файлы аналитика — фабрика наступила на это ВТОРОЙ раз	_studio/zhurnal/2026-07-18_teorkat-l1/UROKI-FABRIKE.md#УРОКИ ФАБРИКЕ, строки 91–94	контракт зоны велел коммитить `_studio/zhurnal/2026-07-18_teorkat-l1` папкой; аналитик в это же время правил в ней `PLAN.md` (открытие преемника арки). Коммит папкой утащил бы чужую незаконченную правку под подпись исполнителя. Поймано только потому, что исполнитель посмотрел `git status` перед комм
I0137	KORPUS-2026-07-18_teorkat-l1.md	14. Обязательный пункт отчёта стоял последним в списке приоритетов — непокрываем по построению	_studio/zhurnal/2026-07-18_teorkat-l1/UROKI-FABRIKE.md#УРОКИ ФАБРИКЕ, строки 95–100	§4 требовал «приёмы из Smith» как обязательный элемент отчёта, а §2B ставил Smith шестым из шести. При любом недоборе бюджета пункт оказывается «не сделано» не по вине исполнителя, а по конструкции захода. Либо пункт не обязателен, либо источник не шестой.
I0138	KORPUS-2026-07-20_teorkat-motivacia.md	Осиротевший `.git/index.lock` делает контракт зоны невыполнимым, а заход этого случая не предусматривает	_studio/zhurnal/2026-07-20_teorkat-motivacia/kod_fib-kategorno.md#УРОКИ ФАБРИКЕ, строки 112–113	~10 минут на диагностику, результат захода лёг untracked и потребовал ручного действия владельца
I0139	KORPUS-2026-07-20_teorkat-motivacia.md	Исполнитель не видит статус живого субагента, мерил время суммой sleep вместо стенных часов и отступил слишком рано	_studio/zhurnal/2026-07-20_teorkat-motivacia/kod_fib-kategorno.md#УРОКИ ФАБРИКЕ, строки 115–117	поисковый субагент работал 26 минут, исполнитель счёл его зависшим при 43 «номинальных» минутах ожидания (реально 24); отступил за ~7 минут до финала, ~15 минут дублированной работы и почти ошибочный вердикт
I0140	KORPUS-2026-07-20_teorkat-motivacia.md	Критерий «непомеченных утверждений — ноль» не различает математические и педагогические оценки	_studio/zhurnal/2026-07-20_teorkat-motivacia/kod_fib-kategorno.md#УРОКИ ФАБРИКЕ, строки 119–120	НЕ НАЗВАНА (исполнитель ввёл четвёртую метку `[суждение]` самовольно, оговорив в ПЛАНЕ; риск, что приёмка сочтёт критерий нарушенным)
I0141	KORPUS-2026-07-20_teorkat-motivacia.md	Числа, названные в контексте самого захода (⭐ 247, карточек 216), разошлись с реальным состоянием файлов (283 и 229)	_studio/zhurnal/2026-07-20_teorkat-motivacia/kod_perechot-kataloga.md#ПЛАН, строки 118–122	НЕ НАЗВАНА
I0142	KORPUS-2026-07-20_teorkat-motivacia.md	Один `.git` на все параллельные сессии монорепо систематически оставляет осиротевшие локи	_studio/zhurnal/2026-07-20_teorkat-motivacia/kod_razobrat-git.md#ЗАДАНИЕ, строки 10, 14	лок висел нулевого размера, многочасовой давности — заведомо мёртвый и блокирующий все коммиты в репозитории до снятия
I0143	KORPUS-2026-07-20_teorkat-motivacia.md	Некоммиченный вал ~109 позиций по шести проектам разом скопился на ветке, названной под другую задачу	_studio/zhurnal/2026-07-20_teorkat-motivacia/kod_razobrat-git.md#ЗАДАНИЕ, строка 15	порядка 108 позиций (~45 изменённых, ~63 новых, ≈2270 вставок) по шести проектам разом, всё на ветке `teorkat-istochniki`
I0144	KORPUS-2026-07-20_teorkat-motivacia.md	Незарегистрированный git-подмодуль (`carshering/carsharing_archive`) висит как gitlink без записи в `.gitmodules`	_studio/zhurnal/2026-07-20_teorkat-motivacia/kod_razobrat-git.md#ВОПРОСЫ, строка 238	НЕ НАЗВАНА
I0145	KORPUS-2026-07-20_teorkat-motivacia.md	Разметку doc-движка нельзя проверить из песочницы: нумерованные списки не распознаются, а типизированный блок теряет хвост после пустой строки	_studio/zhurnal/2026-07-20_teorkat-motivacia/kod_vidy-obzor.md#УРОКИ ФАБРИКЕ, строки 97–98	выпали тела девяти типизированных блоков, включая формулы из определений, при этом линтер и check_view оставались зелёными; увидел только владелец глазами по скриншоту
I0146	KORPUS-2026-07-20_teorkat-motivacia.md	Ложный красный check_view на markdown-ссылках вида `[текст](адрес)`	_studio/zhurnal/2026-07-20_teorkat-motivacia/kod_vidy-obzor.md#УРОКИ ФАБРИКЕ, строки 100–101	два круга сборки и диагностику, плюс пришлось выносить все адреса из тела в отдельный блок источников
I0147	KORPUS-2026-07-20_teorkat-motivacia.md	Сам заход построил обязательный гейт №8 на неверном факте о содержимом предыдущего отчёта	_studio/zhurnal/2026-07-20_teorkat-motivacia/kod_vidy-obzor.md#ПЛАН, строки 111–119	НЕ НАЗВАНА (заход утверждал, что секция ОТЧЁТ соседнего файла «осталась пустой»; проверка по живому файлу показала обратное)
I0148	KORPUS-2026-07-20_teorkat-motivacia.md	Обязательный раздел §E, который критерий предыдущего захода объявлял условием принятия файла, не был поставлен вовсе, и это не поймано в своём же отчёте	_studio/zhurnal/2026-07-20_teorkat-motivacia/kod_vidy-obzor.md#ОТЧЁТ, строки 155–181	обнаружено только следующим заходом-приёмщиком, а не автором исходного файла
I0149	KORPUS-2026-07-20_teorkat-motivacia.md	Стандарт «отрицательный вердикт несёт охват в себе» не защищает от того, что сам охват усечён процессной ошибкой	_studio/zhurnal/2026-07-20_teorkat-motivacia/kod_vidy-obzor.md#ОТЧЁТ, строки 311–316	НЕ НАЗВАНА (прежний честный отрицательный вердикт с полным охватом оказался неверным; повторный поиск в 106 обращений развернул вердикт на противоположный)
I0150	KORPUS-2026-07-20_vvedenie-sborka.md	Счётчик «91 узел» в шапке картотеки не совпадал с реальным числом карточек (229)	_studio/zhurnal/2026-07-20_vvedenie-sborka/kod_nochnaya-karta-oblastej.md#УРОКИ ФАБРИКЕ, строки 95–97	приёмочный гейт захода требовал «91 из 91»; исполнитель, подчинившийся букве, свёл бы 91 узел из 229, отчитался бы «100% покрытия» при 40% реальной работы
I0151	KORPUS-2026-07-20_vvedenie-sborka.md	VNESHNIE-RESURSY.md, объявленный «единственным файлом, знающим пути», указывал неверный путь к каталогу находок	_studio/zhurnal/2026-07-20_vvedenie-sborka/kod_nochnaya-karta-oblastej.md#УРОКИ ФАБРИКЕ, строки 99–101	в этом прогоне ноль (верный путь дал заход), но файл заведён ровно затем, чтобы переезд картотеки стоил одну правку
I0152	KORPUS-2026-07-20_vvedenie-sborka.md	Заход предписывал заполнить поле узла картотеки («нити-старые»), которого в стандарте карточки не существует	_studio/zhurnal/2026-07-20_vvedenie-sborka/kod_nochnaya-karta-oblastej.md#УРОКИ ФАБРИКЕ, строки 103–105	исполнитель, подчинившийся буквально, выдумал бы 229 привязок — синтез, выданный за источник
I0153	KORPUS-2026-07-20_vvedenie-sborka.md	Разделитель `|` в машинной записи субагентов совпал с символом внутри LaTeX-формулы одного узла и сломал разбор	_studio/zhurnal/2026-07-20_vvedenie-sborka/kod_nochnaya-karta-oblastej.md#УРОКИ ФАБРИКЕ, строки 107–109	один узел из 229 молча выпал из покрытия; поймано гейтом (229 против 228), стоило одну правку
I0154	KORPUS-2026-07-20_vvedenie-sborka.md	Число «сверено 79 id», вписанное в шапку артефакта до завершения письма, устарело к моменту сдачи файла (цитат стало 90)	_studio/zhurnal/2026-07-20_vvedenie-sborka/kod_nochnaya-karta-oblastej.md#УРОКИ ФАБРИКЕ, строки 111–113	одна правка; поймано собственным грепом до верификатора
I0155	KORPUS-2026-07-20_vvedenie-sborka.md	Независимый верификатор обнаружил, что главный артефакт печатал собственный отчёт покрытия «0 из 229» рядом с верной таблицей	_studio/zhurnal/2026-07-20_vvedenie-sborka/kod_nochnaya-karta-oblastej.md#УРОКИ ФАБРИКЕ, строки 115–117	без него в сдачу ушёл бы артефакт, чей собственный отчёт покрытия говорит «сведено 0 из 229»
I0156	KORPUS-2026-07-20_vvedenie-sborka.md	Формулировка «проект не под git» оказалась верной лишь для одной из двух папок зоны риска	_studio/zhurnal/2026-07-20_vvedenie-sborka/kod_nochnaya-karta-oblastej.md#УРОКИ ФАБРИКЕ, строки 119–121	в этом прогоне ноль (zip сделан и покрыл обе папки), но формулировка дешевле правды и в другой раз может отменить нужную предосторожность
I0157	KORPUS-2026-07-20_vvedenie-sborka.md	Наивный греп на отсутствие термина (RSA) дал 44 ложных совпадения — все оказались подстрокой внутри слова «universalnoe»	_studio/zhurnal/2026-07-20_vvedenie-sborka/kod_nochnaya-karta-oblastej.md#ОТЧЁТ, строки 210–212	НЕ НАЗВАНА
I0158	KORPUS-2026-07-21_mat-kostyak.md	Вставка новой записи в нумерованный список по якорю начала следующего пункта перенумеровала чужой существующий пункт	_studio/zhurnal/2026-07-21_mat-kostyak/kod_riehl-b.md#УРОКИ ФАБРИКЕ, строки 60–62	2 лишние правки файла (~3 мин)
I0159	KORPUS-2026-07-21_mat-kostyak.md	Снапшот file:// вне папки проекта не скроллится — компьютерный scroll таймаутится, зрительная проверка глубоких мест страницы невозможна	_studio/zhurnal/2026-07-21_mat-kostyak/kod_riehl-b.md#УРОКИ ФАБРИКЕ, строки 64–66	~5 лишних вызовов браузера (~7 мин); визуальная проверка сведена к DOM-проверке + скриншоту шапки
I0160	KORPUS-2026-07-21_mat-kostyak.md	Внесение нового определения создало прямое противоречие со старой строкой «не-говорим» поля П8, которую задача не разрешала исполнителю трогать	_studio/zhurnal/2026-07-21_mat-kostyak/kod_riehl-b.md#ВОПРОСЫ, строки 129–130	НЕ НАЗВАНА
I0161	KORPUS-2026-07-21_mat-kostyak.md	Устаревшая пояснительная пометка при Ex-счётчике Приложения («сейчас печатает 0») не была обновлена ещё с прошлой волны, хотя счётчик уже печатает 7	_studio/zhurnal/2026-07-21_mat-kostyak/kod_riehl-b.md#ВОПРОСЫ, строка 131	НЕ НАЗВАНА
I0162	KORPUS-2026-07-21_mat-kostyak.md	Контракт зоны предписывал `git add` → `git commit`, которая при живущем в репозитории авто-коммите оставляет в индексе не один путь, а всё застейдженное дерево	_studio/zhurnal/2026-07-21_mat-kostyak/kod_vychitano.md#УРОКИ ФАБРИКЕ, строки 99–101	у прошлого захода этой арки — коммит из 89 файлов вместо трёх, `git reset --mixed` и пересборка задним числом; плюс три сорванных коммита владельца за сессию 21.07
I0163	KORPUS-2026-07-21_mat-kostyak.md	Гейт `git_zona.py check --zone` проверяет всю папку целиком, тогда как контракт зоны исполнителя ограничен одним файлом внутри неё	_studio/zhurnal/2026-07-21_mat-kostyak/kod_vychitano.md#ВОПРОСЫ, строка 140	НЕ НАЗВАНА
I0164	KORPUS-2026-07-21_mat-kostyak.md	Хук «УРОК БЕЗ ЦЕНЫ», по прежнему опыту блокировавший коммиты за чужие незакрытые уроки, в этот раз коммит не заблокировал	_studio/zhurnal/2026-07-21_mat-kostyak/kod_vychitano.md#ВОПРОСЫ, строка 142	НЕ НАЗВАНА
I0165	KORPUS-2026-07-21_mat-kostyak.md	Заход назвал единственной опорой для отрицательных выводов папку istochniki/toc/, в которой лежат оглавления других книг, не обязательной восьмёрки источников	_studio/zhurnal/2026-07-21_mat-kostyak/kod_zamykanie.md#УРОКИ ФАБРИКЕ, строки 142–146	по семи источникам из восьми опоры для отрицательных выводов не существовало; исполнитель, доверившийся строке «8 оглавлений уже лежат текстом», построил бы отрицательные выводы по оглавлениям других книг и не заметил бы этого никогда
I0166	KORPUS-2026-07-21_mat-kostyak.md	Хук приёмки («УРОК БЕЗ ЦЕНЫ») заблокировал коммит исполнителя из-за семи уроков без цены в файле-заходе чужой арки, лежащем вне его зоны	_studio/zhurnal/2026-07-21_mat-kostyak/kod_zamykanie.md#УРОКИ ФАБРИКЕ, строки 148–152	заблокированный коммит и решение, принимать которое исполнитель не вправе; обход через --no-verify с причиной; «следующий обойдёт молча... и с этого момента хук не работает ни для кого»
I0167	KORPUS-2026-07-21_mat-kostyak.md	Отрицательный вывод «у источника нет декартово замкнутых категорий» был построен по оглавлению главо-параграфного уровня и оказался ложным — определение лежало внутри параграфа с непоказательным названием	_studio/zhurnal/2026-07-21_mat-kostyak/kod_zamykanie.md#УРОКИ ФАБРИКЕ, строки 154–158	ложный отрицательный вывод дожил до готового отчёта и был вписан в таблицу охвата как результат; вместе с ложным «нет» терялись четыре готовых адреса и одно утверждение
I0168	KORPUS-2026-07-21_mat-kostyak.md	Между поимённым `git add` по путям зоны и `git commit` авто-коммит репозитория застейджил всё рабочее дерево, и коммит забрал 86 чужих файлов вместо трёх своих	_studio/zhurnal/2026-07-21_mat-kostyak/kod_zamykanie.md#УРОКИ ФАБРИКЕ, строки 160–164	починка стоила отката указателя (`git reset --mixed`) и пересборки коммита по трём путям
I0169	KORPUS-2026-07-21_mat-kostyak.md	Счётчик в шапке документа, реализованный командой (grep), продолжал искать значения поля по старым именам после переименования этих значений и молча печатал 0	_studio/zhurnal/2026-07-21_mat-kostyak/kod_zamykanie.md#УРОКИ ФАБРИКЕ, строки 166–170	гейт был мёртв с прошлого захода и утверждение без типа не поймал бы; поймано только потому что критерий готовности требует прогнать счётчики буквально
I0170	KORPUS-2026-07-21_mat-kostyak.md	Независимая перепроверка одного из восьми источников выявила отдельный класс пропусков: утверждения, оформленные как «замечание при определении», не попадают в индекс пронумерованных результатов	_studio/zhurnal/2026-07-21_mat-kostyak/kod_zamykanie.md#ОТЧЁТ, строки 419–420	НЕ НАЗВАНА
I0171	KORPUS-2026-07-21_mat-kostyak.md	Находка предыдущего верификатора (Ф5) про У41 не подтвердилась при проверке по живому файлу	_studio/zhurnal/2026-07-21_mat-kostyak/kod_absorb-vstrechi.md#ПЛАН, строки 105–106	НЕ НАЗВАНА
I0172	KORPUS-2026-07-21_mat-kostyak.md	Заход перепутал номера утверждений в собственном тексте задания (У21↔У23)	_studio/zhurnal/2026-07-21_mat-kostyak/kod_absorb-vstrechi.md#ПЛАН, строка 107	НЕ НАЗВАНА
I0173	KORPUS-2026-07-21_mat-kostyak.md	Заход приписал источнику («конспект §3») контрпример, которого там нет	_studio/zhurnal/2026-07-21_mat-kostyak/kod_absorb-vstrechi.md#ПЛАН, строка 108	НЕ НАЗВАНА
I0174	KORPUS-2026-07-21_mat-kostyak.md	`--no-optional-locks` не соблюдался — обычный git взял `.git/index.lock` и сорвал параллельный ручной коммит владельца	_studio/zhurnal/2026-07-21_mat-kostyak/kod_chitaemost.md#ЗАДАНИЕ, строка 17	три сорванных коммита за сессию 21.07
I0175	KORPUS-2026-07-21_mat-kostyak.md	Код возврата rc=128 (сбой прав окружения) четырежды прочитан как содержательный результат	_studio/zhurnal/2026-07-21_mat-kostyak/kod_chitaemost.md#ЗАДАНИЕ, строка 29	аналитик четырежды прочитал rc=128 как содержательный результат и едва не откатил по нему верное правило
I0176	KORPUS-2026-07-21_mat-kostyak.md	Заголовок без пустой строки перед ним молча уезжает в предыдущий абзац, гейты build_doc/check_view при этом зелёные	_studio/zhurnal/2026-07-21_mat-kostyak/kod_chitaemost.md#ЗАДАНИЕ, строка 119	в этой арке так уже теряли два раздела из семи
I0177	KORPUS-2026-07-21_mat-kostyak.md	Пропуск хода `add` перед pathspec-коммитом завалил плановый прогон коммитов	_studio/zhurnal/2026-07-21_mat-kostyak/kod_chitaemost.md#ЗАДАНИЕ, строка 143	аналитик убрал add, сочтя pathspec самодостаточным, и завалил все десять коммитов планового прогона
I0178	KORPUS-2026-07-21_mat-kostyak.md	`commit` без явных путей после `--` забрал в один коммит чужие незавершённые файлы	_studio/zhurnal/2026-07-21_mat-kostyak/kod_chitaemost.md#ЗАДАНИЕ, строка 144	коммит на 89 файлов вместо трёх — уехали SPEKA.md, KONSTITUCIYA.md, незавершённая работа четырёх других арок
I0179	KORPUS-2026-07-21_mat-kostyak.md	Заход вписал в документ производный факт (адреса вхождений) руками, в том же абзаце, где предупреждает не делать так	_studio/zhurnal/2026-07-21_mat-kostyak/kod_chitaemost.md#УРОКИ ФАБРИКЕ, строки 157–163	три редакции одной строки, две из них с неверным составом адресов
I0180	KORPUS-2026-07-21_mat-kostyak.md	Критерий готовности жёстко привязан к месту в документе, которое то же задание разрешает переносить	_studio/zhurnal/2026-07-21_mat-kostyak/kod_chitaemost.md#УРОКИ ФАБРИКЕ, строки 165–171	решение, которое должен был принять автор захода, пришлось принимать исполнителю
I0181	KORPUS-2026-07-21_mat-kostyak.md	Первый прогон верификатора дал ложный красный из-за бага в самом скрипте-пробнике, не в документе	_studio/zhurnal/2026-07-21_mat-kostyak/kod_chitaemost.md#ОТЧЁТ, строки 231–232	НЕ НАЗВАНА
I0182	KORPUS-2026-07-21_mat-kostyak.md	Два дефекта, внесённые самим исполнителем в этом заходе, не поймали ни гейты состава, ни программный верификатор — их нашёл только свежий читательский субагент	_studio/zhurnal/2026-07-21_mat-kostyak/kod_chitaemost.md#ОТЧЁТ, строки 371–376	оба дефекта остались бы незамеченными без независимого читательского прохода
I0183	KORPUS-2026-07-21_mat-kostyak.md	Движок ломает раздел с командами при сборке: код-спаны не копируются, абзацы получают ложный зелёный бейдж «✔ закрыт»; check_view.py при этом зелёный	_studio/zhurnal/2026-07-21_mat-kostyak/kod_chitaemost.md#ОТЧЁТ, строки 497–513	команды, объявленные источником всех чисел документа, в собранном виде не копипастятся — их нужно реконструировать вручную
I0184	KORPUS-2026-07-21_mat-kostyak.md	Решение владельца по терминологии («по умолчанию ч.у.м.») противоречит математическому запрету того же задания менять формулировки утверждений	_studio/zhurnal/2026-07-21_mat-kostyak/kod_chitaemost.md#ВОПРОСЫ, строки 251–260	НЕ НАЗВАНА
I0185	KORPUS-2026-07-21_mat-kostyak.md	Движок рендера drill-down кладёт в свёрнутый кат только абзац-зачин доказательства; у многоабзацных доказательств хвост вывода остаётся видимым при свёрнутом кате	_studio/zhurnal/2026-07-21_mat-kostyak/kod_dokat-pod-kat.md#ЗАДАНИЕ, строка 6	НЕ НАЗВАНА
I0186	KORPUS-2026-07-21_mat-kostyak.md	Буквальное требование критерия готовности («≥5 `<p>` внутри d-proof») технически недостижимо — зачин рендерится как `div.proof`, а не `<p>`	_studio/zhurnal/2026-07-21_mat-kostyak/kod_dokat-pod-kat.md#ПЛАН, строка 73	НЕ НАЗВАНА
I0187	KORPUS-2026-07-21_mat-kostyak.md	Кириллические символьные классы в regex матчатся побайтово на BSD-инструментах и дают пустой матч при rc=0	_studio/zhurnal/2026-07-21_mat-kostyak/kod_dvizhok-format.md#ЗАДАНИЕ, строка 32	НЕ НАЗВАНА (молчаливый ложный успех)
I0188	KORPUS-2026-07-21_mat-kostyak.md	Заголовок без пустой строки перед ним молча приклеивается к предыдущему абзацу, build_doc/check_view при этом зелёные	_studio/zhurnal/2026-07-21_mat-kostyak/kod_dvizhok-format.md#ЗАДАНИЕ, строка 33	в этой арке так уже теряли два раздела из семи
I0189	KORPUS-2026-07-21_mat-kostyak.md	check_view уже бывал зелёным на документе, чьи код-спаны не копируются	_studio/zhurnal/2026-07-21_mat-kostyak/kod_dvizhok-format.md#ЗАДАНИЕ, строка 34	НЕ НАЗВАНА
I0190	KORPUS-2026-07-21_mat-kostyak.md	Пропуск add и коммит без явных путей после `--` — те же два git-инцидента 21.07	_studio/zhurnal/2026-07-21_mat-kostyak/kod_dvizhok-format.md#ЗАДАНИЕ, строки 70–72	коммит на 89 файлов вместо трёх; «починка» без add завалила 10 коммитов повторно
I0191	KORPUS-2026-07-21_mat-kostyak.md	Первая фикстура нового гейта лежала вне пути, который скрипт реально сканирует	_studio/zhurnal/2026-07-21_mat-kostyak/kod_dvizhok-format.md#ЗАДАНИЕ, строка 57	4/4 зелёных, включая заведомо ломаную
I0192	KORPUS-2026-07-21_mat-kostyak.md	Грепом по подстроке «тривиально»/«условно» ловится «нетривиально»/«безусловно» — уже случалось дважды	_studio/zhurnal/2026-07-21_mat-kostyak/kod_kostyak-rez.md#ЗАДАНИЕ, строка 42	НЕ НАЗВАНА («уже спотыкались дважды», дальше не квантифицировано)
I0193	KORPUS-2026-07-21_mat-kostyak.md	Заголовок без пустой строки перед ним молча уезжает в предыдущий абзац, оба гейта при этом зелёные	_studio/zhurnal/2026-07-21_mat-kostyak/kod_kostyak-rez.md#ЗАДАНИЕ, строка 70	на этом уже потеряли два раздела из семи
I0194	KORPUS-2026-07-21_mat-kostyak.md	Критерий владельца допускает два взаимоисключающих прочтения (формулировочное/ролевое), от выбора которых зависит главный итог документа	_studio/zhurnal/2026-07-21_mat-kostyak/kod_kostyak-rez.md#ВОПРОСЫ, строка 136	НЕ НАЗВАНА (следствие — итог 5 против 4 в зависимости от чтения)
I0195	KORPUS-2026-07-21_mat-kostyak.md	Первый прогон программного верификатора дал ложный красный на всех 31 блоках из-за бага в самом скрипте-сверке	_studio/zhurnal/2026-07-21_mat-kostyak/kod_kostyak-rez.md#ОТЧЁТ, строки 231–232	НЕ НАЗВАНА
I0196	KORPUS-2026-07-21_mat-kostyak.md	check_view.py читает `$…$` как формулу и не знает про код-спаны — счётчик с якорем $ в конце строки валит гейт на верном документе	_studio/zhurnal/2026-07-21_mat-kostyak/kod_kostyak-rez.md#УРОКИ ФАБРИКЕ, строки 98–102	один красный прогон гейта на верном документе, диагностика и переписывание команды — ~10 минут; постоянный налог на будущее для документов со сложным счётчиком
I0197	KORPUS-2026-07-21_mat-kostyak.md	Приёмщик (PRIEMKA.sh) считает маркеры грепом без якоря начала строки — документ, цитирующий свой маркер внутри обязательной команды, даёт ложное красное	_studio/zhurnal/2026-07-21_mat-kostyak/kod_kostyak-rez.md#УРОКИ ФАБРИКЕ, строки 104–108	ложное красное на приёмке арки; ~15 минут на доказательство целостности документа, плюс правка самого приёмщика
I0198	KORPUS-2026-07-21_mat-kostyak.md	Заход рассчитан на параллельных субагентов, а среда Task-инструмент не предоставляет; фолбэк в задании описан только для верификатора, не для самих постраничных проходов	_studio/zhurnal/2026-07-21_mat-kostyak/kod_maclane-smith.md#УРОКИ ФАБРИКЕ, строки 58–60	запас контекста к финалу — на грани; параллелить проходы было нечем, обрыв посреди батча стоил бы повторного визуального чтения главы
I0199	KORPUS-2026-07-21_mat-kostyak.md	Механика «Флаг → Флаг закрыт» спровоцировала честное закрытие долга словами вместо поиска вывода, и ложное закрытие ушло в документ	_studio/zhurnal/2026-07-21_mat-kostyak/kod_mat-kostyak.md#УРОКИ ФАБРИКЕ, строки 138–142	утверждение о дистрибутивности было закрыто словами «краткого вывода в зоне курса нет» — оказалось неправдой (вывод существует, шесть строк); ложь проникла в три места и была поймана не автором, а независимым верификатором
I0200	KORPUS-2026-07-21_mat-kostyak.md	`build_doc.py` принимает папку, а контракт зоны называет файл — пришлось изобретать симлинк-схему	_studio/zhurnal/2026-07-21_mat-kostyak/kod_mat-kostyak.md#УРОКИ ФАБРИКЕ, строки 144–148	около двадцати минут на разведку движка и проверку схемы вместо работы по заданию; схема нигде не записана
I0201	KORPUS-2026-07-21_mat-kostyak.md	Гейт check_view.py остаётся зелёным, даже когда структура документа потеряна	_studio/zhurnal/2026-07-21_mat-kostyak/kod_mat-kostyak.md#УРОКИ ФАБРИКЕ, строки 150–154	два раздела из семи выпали из бокового оглавления и потеряли якоря; поймано только глазами на скриншоте
I0202	KORPUS-2026-07-21_mat-kostyak.md	Слово-триггер в собственной команде-счётчике схлопнуло весь блок счётчиков в шапке в одну плашку	_studio/zhurnal/2026-07-21_mat-kostyak/kod_mat-kostyak.md#УРОКИ ФАБРИКЕ, строки 156–160	главное место документа было в собранном виде нечитаемо; счётчик закрытых долгов печатал 6 вместо 5, потому что считал сам себя; оба гейта были зелёные
I0203	KORPUS-2026-07-21_mat-kostyak.md	Приёмщик арки (PRIEMKA.sh) написан под ПЛАН исполнителя и структурно конфликтует с форматом, который назначило само задание	_studio/zhurnal/2026-07-21_mat-kostyak/kod_mat-kostyak.md#УРОКИ ФАБРИКЕ, строки 162–166	два ❌ в приёмке, которые нельзя закрыть без второй копии всех 34 определений; при 15 зелёных пунктах вердикт всё равно «КРАСНОЕ — вернуть на точечную дочистку»
I0204	KORPUS-2026-07-21_mat-kostyak.md	Число утверждений/понятий, вписанное в документ руками, врало неоднократно	_studio/zhurnal/2026-07-21_mat-kostyak/kod_mat-kostyak.md#ЗАДАНИЕ, строки 93–99	в этом репо руками вписанное число врало пять раз, последний раз — при починке предыдущего вранья
I0205	KORPUS-2026-07-21_mat-kostyak.md	Корневой канон требует регистрировать новый .md тем же ходом, а контракт зоны запрещает трогать что-либо вне зоны — оба требования разом невыполнимы	_studio/zhurnal/2026-07-21_mat-kostyak/kod_mat-kostyak.md#ВОПРОСЫ, строка 223	НЕ НАЗВАНА
I0206	KORPUS-2026-07-21_mat-kostyak.md	Панель Claude-браузера в фоне не рисует кадры — скриншоты и IntersectionObserver молчат, пока панель скрыта	_studio/zhurnal/2026-07-21_mat-kostyak/kod_navigacija.md#УРОКИ ФАБРИКЕ, строки 63–65	~6 холостых заходов (пустые скриншоты, «мёртвый» observer, таймаут ввода) ≈ 15 минут диагностики вслепую
I0207	KORPUS-2026-07-21_mat-kostyak.md	Заход предписывает независимого субагента-верификатора, а в окружении исполнителя нет инструмента спавна субагентов	_studio/zhurnal/2026-07-21_mat-kostyak/kod_pereverstka.md#УРОКИ ФАБРИКЕ, строки 90–91	~15 минут на поиск инструмента и переписывание метода на программный скрипт; независимого LLM-прохода на границы задач не было
I0208	KORPUS-2026-07-21_mat-kostyak.md	Канонные однострочники с кириллицей в regex-классах молча ломаются на целевой платформе (macOS/BSD)	_studio/zhurnal/2026-07-21_mat-kostyak/kod_razbor-kartoteki.md#УРОКИ ФАБРИКЕ, строки 105–106	команда состава §2.0 печатала пустоту с rc=0; диагностика съела ~20 минут
I0209	KORPUS-2026-07-21_mat-kostyak.md	Таймаут песочницы оборвал коммит и оставил чужой .git/index.lock, заблокировав запись в репозиторий	_studio/zhurnal/2026-07-21_mat-kostyak/kod_razbor-kartoteki.md#ЗАДАНИЕ, строка 21	таймаут песочницы оборвал коммит и оставил лок, заблокировав запись в репо для всех троих писателей (22.07)
I0210	KORPUS-2026-07-21_mat-kostyak.md	rc=128 четырежды прочитан как содержательный результат команды	_studio/zhurnal/2026-07-21_mat-kostyak/kod_razbor-kartoteki.md#ЗАДАНИЕ, строка 29	rc=128 четырежды прочитан как результат — едва не откатили верное правило по ложным данным (21.07)
I0211	KORPUS-2026-07-21_mat-kostyak.md	Голый git commit без pathspec подмёл чужой индекс, а починка (снятие add) обрушила коммиты повторно	_studio/zhurnal/2026-07-21_mat-kostyak/kod_razbor-kartoteki.md#ЗАДАНИЕ, строки 94–96	голый commit подмёл чужой индекс — коммит на 89 файлов вместо трёх; «починка», убравшая add, завалила все 10 коммитов повторно (21.07)
I0212	KORPUS-2026-07-21_mat-kostyak.md	Пара git add → commit, предписанная прежним шаблоном, в этом репозитории не работает из-за параллельного авто-коммита	_studio/zhurnal/2026-07-21_mat-kostyak/kod_resheniya.md#ЗАДАНИЕ, строка 17	три сорванных коммита за сессию 21.07
I0213	KORPUS-2026-07-21_mat-kostyak.md	Обычный git add в общем репозитории захватывал чужие застейдженные файлы десятками	_studio/zhurnal/2026-07-21_mat-kostyak/kod_resheniya.md#ЗАДАНИЕ, строки 155–157	у одного захода коммит из 89 файлов вместо трёх; у другого в индексе оказалось 108 путей — «пересобрать индекс» через reset+add не спасает, остаётся то же окно гонки
I0214	KORPUS-2026-07-21_mat-kostyak.md	Критерий готовности предписывает вызов гейта в форме, которая печатает красный на здоровом документе	_studio/zhurnal/2026-07-21_mat-kostyak/kod_resheniya.md#УРОКИ ФАБРИКЕ, строки 168–170	ложный красный гейт в начале захода стоил одного лишнего прогона; следующему исполнителю обошёлся бы дороже
I0215	KORPUS-2026-07-21_mat-kostyak.md	Два из пяти предписанных действий в задании адресованы в места, которых в живом файле нет	_studio/zhurnal/2026-07-21_mat-kostyak/kod_resheniya.md#УРОКИ ФАБРИКЕ, строки 172–174	буквальное исполнение дало бы либо якорную замену с нулём совпадений (abort посреди работы), либо выдуманный пункт; аналитик писал адреса по отчёту предыдущего захода, а не по живому файлу
I0216	KORPUS-2026-07-21_mat-kostyak.md	Счётная строка Приложения, жёстко привязанная к составу «родов», сломалась при доборе нового рода (упражнений)	_studio/zhurnal/2026-07-21_mat-kostyak/kod_riehl-a.md#УРОКИ ФАБРИКЕ, строки 90–92	~полчаса на разбор «мой это брак или наследованный», плюс вопрос аналитику и заведомо красная строка самопроверки
I0217	KORPUS-2026-07-21_mat-kostyak.md	Заход диктует в задании дату слоя вперёд (2026-07-24), тогда как реальная дата исполнения — 2026-07-23	_studio/zhurnal/2026-07-21_mat-kostyak/kod_riehl-a.md#УРОКИ ФАБРИКЕ, строки 94–96	минуты на сверку, но при невнимательном исполнителе — ложная дата данных в источниковом файле
I0218	KORPUS-2026-07-21_mat-kostyak.md	В среде исполнителя нет Task-инструмента для спавна независимого субагента-верификатора	_studio/zhurnal/2026-07-21_mat-kostyak/kod_riehl-a.md#ОТЧЁТ, строка 227	НЕ НАЗВАНА
I0219	KORPUS-2026-07-21_mat-kostyak.md	Инструмент приёмки сам напечатал зелёное на упавшей проверке	_studio/zhurnal/2026-07-21_mat-kostyak/UROKI-FABRIKE.md#УРОКИ ФАБРИКЕ, строки 61–64	поймано только потому, что скрипт прогнали на двух фикстурах (чистой и с подсадками), а не сдали написанным. Не прогони — приёмка пункта 9 (запрет распределения по лекциям) прошла бы вхолостую и подтвердила бы то, чего не проверяла. Это шестой случай инструмента, врущего в удобную сторону, после пят
I0220	KORPUS-2026-07-21_mat-kostyak.md	Приёмщик арки написан под ПЛАН исполнителя, а не под формат, назначенный ЗАДАНИЕМ	_studio/zhurnal/2026-07-21_mat-kostyak/UROKI-FABRIKE.md#УРОКИ ФАБРИКЕ, строки 65–68	два ❌ на верном документе, при 15 зелёных пунктах вердикт печатал «КРАСНОЕ — вернуть на дочистку», то есть сигнал перестал различать «есть дефект» и «инструмент не умеет считать этот формат». Закрыть их можно было только второй копией всех 34 определений, которая разошлась бы при первой правке. Испо
I0221	KORPUS-2026-07-21_mat-kostyak.md	Гейт документа и приёмщик арки оба сломались об один класс: документ ЦИТИРУЕТ СВОИ СОБСТВЕННЫЕ маркеры	_studio/zhurnal/2026-07-21_mat-kostyak/UROKI-FABRIKE.md#УРОКИ ФАБРИКЕ, строки 69–72	два ложных красных за один прогон, оба на здоровом документе. Исполнитель переписал команду (роль якоря конца строки играет `NF==3`) и выдал готовую починку приёмщика; Cowork её применил — якорь начала строки в обоих грепах. Разово это дёшево, но класс общий и повторится в каждом документе, который 
I0222	KORPUS-2026-07-21_mat-kostyak.md	Критерий отбора появился ПОСЛЕ приёмки — ТЗ его не содержало, и никто этого не заметил до готового документа	_studio/zhurnal/2026-07-21_mat-kostyak/UROKI-FABRIKE.md#УРОКИ ФАБРИКЕ, строки 73–76	целый дополнительный заход Ф2.1 (раскладка 31 утверждения, двойной верификатор, 17 минут прогона) плюс ручная доводка Cowork при приёмке — перенос блока, переименование разделов и значений поля в 31 блоке. Всё это делалось по документу, который уже был принят как готовый. ⇒ **у списка обязан быть на
I0223	KORPUS-2026-07-21_mat-kostyak.md	Правило, записанное в Ф1 арки, не доехало до захода Ф3 той же арки	_studio/zhurnal/2026-07-21_mat-kostyak/UROKI-FABRIKE.md#УРОКИ ФАБРИКЕ, строки 77–80	поймал владелец, а не аналитик и не гейт. Не поймай — самая дорогая разведка арки осела бы в отчёте внутри файла-захода, и следующая арка прошла бы восемь учебников заново; теперь нужен отдельный короткий заход, потому что `VYCHITANO.md` вне зоны Ф3. ⇒ дневник арки читается **при сборке каждого захо
I0224	KORPUS-2026-07-21_mat-kostyak.md	Владелец переформулировал одно различение трижды, аналитик дважды съехал обратно	_studio/zhurnal/2026-07-21_mat-kostyak/UROKI-FABRIKE.md#УРОКИ ФАБРИКЕ, строки 81–84	один раз это дало ошибку уровня, а не оттенка — аналитик защищал утверждение У22 доводом «иначе естественность останется без оправдания», то есть требовал положить МОТИВАЦИЮ в список МОТИВИРУЕМОГО, и владельцу пришлось объяснять различение в третий раз. ⇒ когда владелец переформулирует одно и то же 
I0225	KORPUS-2026-07-21_mat-kostyak.md	Cowork сам лочил репозиторий владельца своими «read-only» проверками	_studio/zhurnal/2026-07-21_mat-kostyak/UROKI-FABRIKE.md#УРОКИ ФАБРИКЕ, строки 85–88	три сорванных коммита подряд, два из них — на самом важном месте сессии (хэндофф и рамка курса чуть не остались вне git). Владелец: «каждый раз куча проблем с этим коммитом» — и решил, что дело в частоте коммитов, хотя дело было в параллельном процессе. ⇒ **все git-команды Cowork гонит с `--no-optio
I0226	KORPUS-2026-07-21_mat-kostyak.md	«Оглавление, прочитанное глазами» назначено достаточной опорой отрицательного вывода — а оно бывает слишком крупным	_studio/zhurnal/2026-07-21_mat-kostyak/UROKI-FABRIKE.md#УРОКИ ФАБРИКЕ, строки 89–92	ложный отрицательный вывод по одному из восьми обязательных источников **дожил до готового отчёта** и был вписан в таблицу охвата как результат. Поймал независимый верификатор — и только потому, что заход требует запускать его на УЖЕ ПРОЙДЕННОМ источнике. Вместе с ложным «нет» терялись четыре готовы
I0227	KORPUS-2026-07-21_mat-kostyak.md	🔴 Диагноз аналитика «гейт штрафует за чужой долг» оказался ЛОЖНЫМ — виноват был не гейт, а грязный индекс	_studio/zhurnal/2026-07-21_mat-kostyak/UROKI-FABRIKE.md#УРОКИ ФАБРИКЕ, строки 93–96	ложный урок прожил в `UROKI-FABRIKE.md` полдня и **шёл в канон** — то есть в документ, который читают все будущие проекты. Он предлагал чинить работающий гейт и узаконивал `--no-verify` как норму; починка «по уроку» сломала бы единственную защиту от уроков без цены. Поймал следующий исполнитель — во
I0228	KORPUS-2026-07-21_mat-kostyak.md	Рабочая форма коммита зоны — `git commit -- <путь>`, и её не было в контракте	_studio/zhurnal/2026-07-21_mat-kostyak/UROKI-FABRIKE.md#УРОКИ ФАБРИКЕ, строки 97–100	у Ф3 — коммит из 89 файлов вместо трёх, откат указателя и пересборка задним числом; у Ф3а — одна лишняя итерация и осознанное отступление от буквы контракта. Пока форма не названа в шаблоне, каждый исполнитель либо коммитит чужое дерево, либо изобретает обход сам — и второе повезло. ⇒ починка в одну
I0229	KORPUS-2026-07-21_mat-kostyak.md	Команда в шапке врёт тише, чем вписанное руками число	_studio/zhurnal/2026-07-21_mat-kostyak/UROKI-FABRIKE.md#УРОКИ ФАБРИКЕ, строки 101–104	гейт был мёртв с прошлого захода и утверждение без типа не поймал бы. Поймано только потому, что критерий готовности требовал прогнать счётчики БУКВАЛЬНО, а не сослаться на них. ⇒ §10 верна, но неполна: **неверное число видно глазом при чтении, неверный греп выглядит как проверка** и переживает любо
I0230	KORPUS-2026-07-21_mat-kostyak.md	Контракт зоны защищает от СВОЕГО `git add -A`, но не от чужого — коммит из трёх файлов вышел на 89	_studio/zhurnal/2026-07-21_mat-kostyak/UROKI-FABRIKE.md#УРОКИ ФАБРИКЕ, строки 105–108	нарушение, которое исполнитель заметил случайно, сверяя `git show --stat` уже после отчёта, при проверке совсем другого. Починка — откат указателя и пересборка коммита; содержимое файлов не пострадало (сверено по md5). Но **следующий исполнитель сверять не полезет: его `git add` был честным.** ⇒ кон
I0231	KORPUS-2026-07-21_mat-kostyak.md	Заход назвал опорой папку, содержимое которой к делу не относится	_studio/zhurnal/2026-07-21_mat-kostyak/UROKI-FABRIKE.md#УРОКИ ФАБРИКЕ, строки 109–112	прямые затраты малы — около 15 минут на самостоятельное извлечение семи оглавлений. Настоящая цена в том, чего не случилось: исполнитель, доверившийся строке «8 оглавлений уже лежат текстом», построил бы отрицательные выводы по восьми книгам **на оглавлениях других книг** и не заметил бы этого никог
I0232	KORPUS-2026-07-21_mat-kostyak.md	Правило «модель первой строкой» жило в каноне и всё равно не сработало — дважды за одну сессию	_studio/zhurnal/2026-07-21_mat-kostyak/UROKI-FABRIKE.md#УРОКИ ФАБРИКЕ, строки 113–116	владелец запускал заходы на глаз («я эти все запускаю на опусе»), то есть выбор модели, ради которого в шаблоне есть поле `--model` и обоснование в шапке захода, до него просто не доезжал. Дешёвый заход мог уйти на Opus, дорогой — на Sonnet, и никто бы не заметил. Поймал владелец, а не гейт, и он же
I0233	KORPUS-2026-07-21_mat-kostyak.md	Аналитик писал адреса правок по ОТЧЁТУ предыдущего захода, а не по живому файлу — два предписания из пяти оказались в пустоту	_studio/zhurnal/2026-07-21_mat-kostyak/UROKI-FABRIKE.md#УРОКИ ФАБРИКЕ, строки 117–120	два действия из пяти в главной работе захода невыполнимы буквально. Буквальное исполнение дало бы либо якорную замену с нулём совпадений (abort посреди работы), либо **выдуманный пункт E** — запись в разделе открытых вопросов о вопросе, которого документ никогда не открывал. Спасла только дисциплина
I0234	KORPUS-2026-07-21_mat-kostyak.md	Критерий готовности предписывал вызов гейта в форме, которая печатает КРАСНЫЙ на здоровом документе	_studio/zhurnal/2026-07-21_mat-kostyak/UROKI-FABRIKE.md#УРОКИ ФАБРИКЕ, строки 121–124	исполнителю — один лишний прогон, он гоняет гейты ДО правок и потому знал, что красный не его. Следующему обошлось бы дороже: §2.6 того же захода прямо велит доверять гейтам, и красный был бы прочитан как «я сломал документ» — с починкой исправного файла. ⇒ **команду, которую заход предписывает как 
I0235	KORPUS-2026-07-21_mat-kostyak.md	Аналитик принял МИД-ФЛАЙТ за ОБРЫВ и вынес вердикт «не принят» заходу, который в этот момент работал	_studio/zhurnal/2026-07-21_mat-kostyak/UROKI-FABRIKE.md#УРОКИ ФАБРИКЕ, строки 125–128	ложный вердикт «НЕ ПРИНЯТ» записан в дневник арки (снят задним числом, запись помечена отменённой), плюс почти собран ненужный добор-заход. Канон предупреждал ровно об этом случае — «отчёт может долетать мид-флайт» — но не давал признака, по которому мид-флайт отличается от обрыва, и аналитик, добро
I0236	KORPUS-2026-07-21_mat-kostyak.md	«Семь уроков без цены» оказались семью уроками С ценой — гейт судил оформление, а не суть	_studio/zhurnal/2026-07-21_mat-kostyak/UROKI-FABRIKE.md#УРОКИ ФАБРИКЕ, строки 129–132	гейт месяцами блокировал коммиты **чужих** заходов за несуществующий долг. Прямые последствия: заход `zamykanie` ушёл через `--no-verify` (обход протоптан), аналитик записал в канон ложный урок «гейт штрафует за чужой долг ⇒ надо его чинить», и этот урок полдня шёл в канон. Настоящая причина не каса
I0237	KORPUS-2026-07-21_mat-kostyak.md	Первая же фикстура нового гейта дала ложный зелёный — лежала вне структуры, которую скрипт считает целью	_studio/zhurnal/2026-07-21_mat-kostyak/UROKI-FABRIKE.md#УРОКИ ФАБРИКЕ, строки 133–136	в этом прогоне ноль — фикстура «без цены» обязана была упасть, не упала, и это сразу выдало подделку. Не будь среди фикстур намеренно ломающей, аналитик принял бы четыре зелёных за доказательство и закрепил бы непроверенную правку гейта. ⇒ **фикстура обязана воспроизводить не только содержимое, но и
I0238	KORPUS-2026-07-21_mat-kostyak.md	Фикстуры гейта заблокировали весь репозиторий — они по назначению содержат то, что гейт обязан валить	_studio/zhurnal/2026-07-21_mat-kostyak/UROKI-FABRIKE.md#УРОКИ ФАБРИКЕ, строки 137–140	в первый же запуск плана коммитов хук завалил **все десять коммитов подряд**, включая тот, который вносил сами фикстуры, — репозиторий не мог принять НИЧЕГО. Владелец получил десять одинаковых простыней с текстом «урок без цены» и не смог понять, всё ли хорошо. Починка — три слова в `staged_files()`
I0239	KORPUS-2026-07-21_mat-kostyak.md	Аналитик четыре раза прочитал сбой ОКРУЖЕНИЯ как факт о ПРЕДМЕТЕ	_studio/zhurnal/2026-07-21_mat-kostyak/UROKI-FABRIKE.md#УРОКИ ФАБРИКЕ, строки 141–144	четыре ложных прогона и почти-вывод «правило про pathspec ложно», которое аналитик уже был готов объявить — при том что правило к этому моменту разнесено по пяти документам (канон, шаблон контракта зоны, KARTA, два захода). Объяви он его ложным — откатил бы верную дисциплину по ложным данным, вторым
I0240	KORPUS-2026-07-21_mat-kostyak.md	Аналитик убрал `git add`, приняв pathspec-коммит за самодостаточный, — и завалил все десять коммитов плана	_studio/zhurnal/2026-07-21_mat-kostyak/UROKI-FABRIKE.md#УРОКИ ФАБРИКЕ, строки 145–148	второй запуск плана владельцем — все десять коммитов упали, теперь уже по другой причине, чем в первый раз. Владелец получил ещё одну простыню ошибок и написал «опять то же самое». **До правки мешал только хук с фикстурами** — то есть починка одного и внесение непроверенного второго произошли в одно
I0241	KORPUS-2026-07-21_mat-kostyak.md	Заход вписал производный факт руками — в том самом абзаце, где предупреждает, что так делать нельзя	_studio/zhurnal/2026-07-21_mat-kostyak/UROKI-FABRIKE.md#УРОКИ ФАБРИКЕ, строки 149–153	три редакции одной строки, две из них с неверным составом адресов. Исполнителю Ф5 — один греп и абзац в `## ПЛАН`, дёшево только потому, что заход велел не верить себе. Исполнителю, который поверит списку, это стоит неверного охвата в отчёте: он отчитается «8 → 1», правя место, где править нечего. ⇒
I0242	KORPUS-2026-07-21_mat-kostyak.md	Критерий готовности привязан к МЕСТУ, которое задание сам же разрешает изменить	_studio/zhurnal/2026-07-21_mat-kostyak/UROKI-FABRIKE.md#УРОКИ ФАБРИКЕ, строки 154–158	решение, которое должен был принять автор захода, принимал исполнитель — в `## ПЛАН` пришлось отдельно объявлять поправку к критерию и обосновывать, почему «восемь» читается как «все восемь прежних на месте», а не «ровно восемь». Приёмка гоняет критерий первым ходом и без этого абзаца получила бы ра
I0243	KORPUS-2026-07-21_mat-kostyak.md	`check_view.py` зелёный на документе, чьи команды в собранном виде НЕ копипастятся	_studio/zhurnal/2026-07-21_mat-kostyak/UROKI-FABRIKE.md#УРОКИ ФАБРИКЕ, строки 159–163	прямой удар по `KONSTITUCIYA §10`. Правило «пишем не число, а команду» держится ровно на том, что команду можно взять из собранного вида и запустить; в `MAT-KOSTYAK` этого нельзя ни для одной из ~20 команд приложения — их надо реконструировать глазами из сломанной разметки. Поймал не гейт, а свежий 
I0244	KORPUS-2026-07-21_mat-kostyak.md	Канонный однострочник с кириллицей в regex-классе молча печатает ПУСТОТУ на машине владельца	_studio/zhurnal/2026-07-21_mat-kostyak/UROKI-FABRIKE.md#УРОКИ ФАБРИКЕ, строки 164–168	исполнителя спасло только то, что заход назвал ожидаемое число («на 22.07 таких 41»). Не будь его — он честно сдал бы разбор нуля блоков при зелёном rc, и приёмка получила бы «дыр не найдено» на пустом прогоне. Диагностика и подбор UTF-8-безопасного эквивалента съели ~20 минут захода; канонная коман
I0245	KORPUS-2026-07-21_mat-kostyak.md	Верификатор отчитался находками, а не охватом — и охват пришлось восстанавливать арифметикой на приёмке	_studio/zhurnal/2026-07-21_mat-kostyak/UROKI-FABRIKE.md#УРОКИ ФАБРИКЕ, строки 169–173	на приёмке пришлось восстанавливать охват сложением (10 + 9 + 8 = 27 исходных A-блоков — сходится, значит атакованы все), то есть **судить по арифметике вместо отчёта**. Вердикт вышел «скорее всего полный охват», а не «полный», и разница здесь не косметическая: непокрытые пять — это ровно те блоки, 
I0246	KORPUS-2026-07-21_mat-kostyak.md	`bootstrap_arka.py --help` заводит настоящую арку с именем «--help»	_studio/zhurnal/2026-07-21_mat-kostyak/UROKI-FABRIKE.md#УРОКИ ФАБРИКЕ, строки 174–178	мусорная арка простояла в журнале ночь и попала в черновик коммита `git_zona.py plan` (catch-all по `_studio`) — не проверь план глазами, уехала бы в git и в катч-ол регистрации KARTA §6 как «арка». Вычистка потребовала отдельной проверки содержимого (вдруг живая работа). ⇒ бутстрапам — argparse с `
I0247	KORPUS-2026-07-21_mat-kostyak.md	Аналитик v2 дал в заход адреса по вторичным источникам — шестой случай класса за арку	_studio/zhurnal/2026-07-21_mat-kostyak/UROKI-FABRIKE.md#УРОКИ ФАБРИКЕ, строки 179–182	~0 в этот раз — исполнитель проверил предпосылки до работы, перепутанные номера разоблачил и контрпример построил сам; но это цена везения на дисциплине исполнителя, не заслуга захода. Полустраница задачи п.6 опиралась на неверную карту существующих блоков — не проверь он, дополнение легло бы не к т
I0248	KORPUS-2026-07-23_vneshnie-istorii.md	Два новых артефакта («RAZBOR-klassifikacii.md», «KARTA-PROBELOV.md») по правилу проекта должны быть зарегистрированы в KARTA.md §6, но этот файл лежит вне зоны исполнителя — регистрация не сделана	_studio/zhurnal/2026-07-23_vneshnie-istorii/kod_klassifikacia-kartoteki.md#ВОПРОСЫ, строка 119	НЕ НАЗВАНА
I0249	KORPUS-2026-07-23_vneshnie-istorii.md	Заход предписывал «дополнить дайджест baez-euler», не зная, что этот дайджест уже был вычитан целиком тем же днём	_studio/zhurnal/2026-07-23_vneshnie-istorii/kod_napolnit-bazu-l1.md#ВОПРОСЫ, строка 93	НЕ НАЗВАНА
I0250	KORPUS-2026-07-23_vneshnie-istorii.md	Валидатор картотеки распознаёт id только по маске `[A-Za-z0-9_-]{2,}` и не видит кириллические идентификаторы существующих узлов (У57, У22) — ссылку на них в поле «связи» ставить нельзя, иначе повиснет ребро	_studio/zhurnal/2026-07-23_vneshnie-istorii/kod_napolnit-bazu-l1.md#ПЛАН, строка 73	НЕ НАЗВАНА
I0251	KORPUS-2026-07-23_vneshnie-istorii.md	Файл-заход и вся рабочая зона существовали только в основной папке репозитория (untracked), тогда как контракт зоны направлял исполнителя в отдельный git-worktree	_studio/zhurnal/2026-07-23_vneshnie-istorii/kod_polnyj-prohod-vneshnie.md#УРОКИ ФАБРИКЕ, строки 81–83	~15 минут разведки + самодеятельное решение (копирование зоны в worktree руками) + в main осталась двойная копия зоны, требующая ручной чистки владельцем
I0252	KORPUS-2026-07-23_vneshnie-istorii.md	Число находок в заголовке «КОРЗИНА B» (245) не совпадало ни с фактическим числом строк в этой же корзине (229), ни со сводным числом из NAVIGATOR/захода (242)	_studio/zhurnal/2026-07-23_vneshnie-istorii/kod_polnyj-prohod-vneshnie.md#УРОКИ ФАБРИКЕ, строки 85–87	~10 минут выяснения, какой знаменатель охвата истинный
I0253	KORPUS-2026-07-23_vneshnie-istorii.md	1. worktree-заход отдан, пока зона была untracked только в основной папке — двойная копия	_studio/zhurnal/2026-07-23_vneshnie-istorii/UROKI-FABRIKE.md#УРОКИ ФАБРИКЕ, строки 37–41	~15 мин исполнителя на разведку + самодеятельное копирование (решение, которое исполнитель принимать не должен) + двойная копия зоны, сведённая отдельным ходом (`adopt`, который пришлось ДОБАВИТЬ в `git_zona.py`).
I0254	KORPUS-2026-07-23_vneshnie-istorii.md	2. Путь коммита рвётся на мелочах — пять случаев за сессию	_studio/zhurnal/2026-07-23_vneshnie-istorii/UROKI-FABRIKE.md#УРОКИ ФАБРИКЕ, строки 42–48	минуты в каждой из ~5 итераций коммита за сессию; владелец прямо сказал «тратим миллион времени на мелочи». Заведён заход-починка `../_INFRA-git/kod_commit-ux.md`.
I0255	KORPUS-2026-07-25_lekcia-1.md	Заход называет число узлов картотеки неверно (273 вместо 274)	_studio/zhurnal/2026-07-25_lekcia-1/kod_brillianty-l1.md#ВОПРОСЫ, строка 240	НЕ НАЗВАНА (сам исполнитель пишет «на выводы не влияет»)
I0256	KORPUS-2026-07-25_lekcia-1.md	Коммит зоны широким `add -- <зона>` забрал чужую незакоммиченную работу вместе со своей	_studio/zhurnal/2026-07-25_lekcia-1/kod_brillianty-l1.md#ОТЧЁТ, строки 321–323	из 4290 добавленных строк коммита собственных только 2127; остальное — чужие файлы (три файла сырья, соседний заход, правки PLAN/SESSIYA/UROKI-FABRIKE)
I0257	KORPUS-2026-07-25_lekcia-1.md	Заход требует от верификатора «сырья без вердиктов», объём которого для 736-позиционного корпуса физически равен всей стадии 1	_studio/zhurnal/2026-07-25_lekcia-1/kod_brillianty-l1.md#УРОКИ ФАБРИКЕ, строки 329–332	отклонение от буквы захода в обязательном гейте; охват верификации 43%, а не 100%
I0258	KORPUS-2026-07-25_lekcia-1.md	Требование регистрировать новый .md в KARTA.md §6 тем же ходом несовместимо с контрактом зоны, объявляющим _studio/docs/ READ-ONLY	_studio/zhurnal/2026-07-25_lekcia-1/kod_brillianty-l1.md#УРОКИ ФАБРИКЕ, строки 334–337	пять документов уходят в приёмку сиротами
I0259	KORPUS-2026-07-25_lekcia-1.md	Копия захода в параллельном worktree оказалась устаревшей редакции — не содержала два из трёх разделов ожидаемого выхода	_studio/zhurnal/2026-07-25_lekcia-1/kod_konsolidacia-l1.md#УРОКИ ФАБРИКЕ, строки 204–206	два раздела выхода из трёх и один пункт критерия приёмки; спасла только случайность канала
I0260	KORPUS-2026-07-25_lekcia-1.md	Исключение файлов kod_ из чтения как «регенерируемых» выбрасывает секцию УРОКИ ФАБРИКЕ внутри них, которая не регенерируется	_studio/zhurnal/2026-07-25_lekcia-1/kod_konsolidacia-l1.md#УРОКИ ФАБРИКЕ, строки 208–210	в этом прогоне ноль — потеря поймана случайно читателем соседней арки
I0261	KORPUS-2026-07-25_lekcia-1.md	Гейт «битых ссылок 0» вытаскивает любой обратно-кавыченный токен, а не только id, и ловит служебные слова	_studio/zhurnal/2026-07-25_lekcia-1/kod_konsolidacia-l1.md#УРОКИ ФАБРИКЕ, строки 212–214	две собственные правки текста сделаны ради молчания гейта, а не из-за ошибки
I0262	KORPUS-2026-07-25_lekcia-1.md	Семь секций SPEKA, на которые ссылаются карточки картотеки, физически не существуют	_studio/zhurnal/2026-07-25_lekcia-1/kod_konsolidacia-l1.md#ОТЧЁТ, строка 383	три гнезда потерь оказались прямым следствием отсутствующих секций
I0263	KORPUS-2026-07-25_lekcia-1.md	Субагент на «механическом» задании (обойти оглавление сайта) вернул выводы из аннотаций вместо фактов из текста — оба вывода оказались ложными	_studio/zhurnal/2026-07-25_lekcia-1/kod_poisk-listochki.md#УРОКИ ФАБРИКЕ, строки 210–214	~25 минут на перепроверку и два субагентских прогона (~150 тыс. токенов), результат которых наполовину выброшен
I0264	KORPUS-2026-07-25_lekcia-1.md	Заход предписывает голый git add/commit --no-optional-locks, а корневой CLAUDE.md запрещает голый git и требует только git_zona.py	_studio/zhurnal/2026-07-25_lekcia-1/kod_poisk-listochki.md#УРОКИ ФАБРИКЕ, строки 216–219	прямого ущерба нет — исполнитель выбрал канон и коммит прошёл
I0265	KORPUS-2026-07-25_lekcia-1.md	Предпосылка захода, что названные сайты (mccme.ru и вся его сеть) открываются, оказалась ложной — все дают TCP-таймаут	_studio/zhurnal/2026-07-25_lekcia-1/kod_poisk-listochki.md#ОТЧЁТ, строки 225–228	обход перестроен через web.archive.org с потолком скорости 7–10 с/страница; архив пять раз за прогон отбивал соединение
I0266	KORPUS-2026-07-25_lekcia-1.md	Ось предыдущего захода (четыре лупа) не переводится один в один в ось этого захода (шесть меток) — луп A накрывает разом три метки	_studio/zhurnal/2026-07-25_lekcia-1/kod_priruchenie-vneshnego.md#УРОКИ ФАБРИКЕ, строки 171–174	~30 позиций пересужены заново вместо того, чтобы быть забранными готовыми — порядка получаса работы
I0267	KORPUS-2026-07-25_lekcia-1.md	Критерий охвата описывал источник через синтаксис («строки таблиц»), а часть корпуса лежит прозой в других разделах	_studio/zhurnal/2026-07-25_lekcia-1/kod_priruchenie-vneshnego.md#УРОКИ ФАБРИКЕ, строки 176–179	буквальное исполнение критерия дало бы «разность пуста» при потерянных 49 позициях (13% корпуса)
I0268	KORPUS-2026-07-25_lekcia-1.md	Требование регистрировать новый документ в KARTA.md §6 тем же ходом снова столкнулось с контрактом зоны READ-ONLY — тот же урок, что и два дня назад	_studio/zhurnal/2026-07-25_lekcia-1/kod_priruchenie-vneshnego.md#УРОКИ ФАБРИКЕ, строки 181–184	второй заход подряд сдаёт документ формально сиротой
I0269	KORPUS-2026-07-25_lekcia-1.md	Заявленный охват предыдущего файла RAZMETKA-vneshnego-l1.md завышен — «21 из 21» на деле 18, «109 узлов» на деле 110	_studio/zhurnal/2026-07-25_lekcia-1/kod_priruchenie-vneshnego.md#ПЛАН, строки 205–207	НЕ НАЗВАНА
I0270	KORPUS-2026-07-25_lekcia-1.md	Вердикты о картине корпуса, написанные «на ощущение», разошлись с результатом счётной команды	_studio/zhurnal/2026-07-25_lekcia-1/kod_priruchenie-vneshnego.md#ОТЧЁТ, строка 273	НЕ НАЗВАНА
I0271	KORPUS-2026-07-25_lekcia-1.md	Опубликованная в шапке выхода счётная команда стала находить собственные заголовки в своём же тексте после публикации и давала неверный результат	_studio/zhurnal/2026-07-25_lekcia-1/kod_priruchenie-vneshnego.md#ОТЧЁТ, строки 275–276	опубликованная команда была нерабочей — проверить исполнителя ею было нельзя
I0272	KORPUS-2026-07-25_lekcia-1.md	Число карточек, посчитанное командой grep -c '^id: ' (316), разошлось с числом, которое видит регексп чекера (315), из-за незакрытой ограды у последней карточки	_studio/zhurnal/2026-07-25_lekcia-1/kod_svedenie-i-gejty.md#УРОКИ ФАБРИКЕ, строки 175–177	карточка для гейта не существовала бы; верификатор нашёл ещё 8 теряемых парсером карточек — итого 9 невидимых записей при зелёном отчёте
I0273	KORPUS-2026-07-25_lekcia-1.md	Гейт по форме не отличает ссылку на секцию рамы от простого упоминания этой ссылки в тексте — завалил собственный коммит с перечислением долгов рамы	_studio/zhurnal/2026-07-25_lekcia-1/kod_svedenie-i-gejty.md#УРОКИ ФАБРИКЕ, строки 179–181	один заваленный коммит и две правки собственного текста ради молчания гейта
I0274	KORPUS-2026-07-25_lekcia-1.md	Первый прогон нового гейта дал 254 «мёртвых» ссылки на секции рамы, из них ~250 ложные — гейт не учёл, что в репозитории два курса с двумя разными файлами SPEKA.md	_studio/zhurnal/2026-07-25_lekcia-1/kod_svedenie-i-gejty.md#УРОКИ ФАБРИКЕ, строки 183–185	две трети времени фазы B ушло на отсев ложных срабатываний
I0275	KORPUS-2026-07-25_lekcia-1.md	Слияние веток потребовало чистого дерева, а в дереве лежала чужая незакоммиченная правка _studio/docs/KARTA.md, которую исполнитель не вправе коммитить или чинить	_studio/zhurnal/2026-07-25_lekcia-1/kod_svedenie-i-gejty.md#ПЛАН, строки 199–203	файл вне git и умрёт от любого git clean, если владелец не закоммитит её сам
I0276	KORPUS-2026-07-25_lekcia-1.md	Пересказ владельческих цитат в реестре потерял 5 дословных цитат из 2216 при консолидации	_studio/zhurnal/2026-07-25_lekcia-1/kod_svedenie-i-gejty.md#ОТЧЁТ, строки 322–323	5 дословных цитат владельца не найдены при независимой сверке верификатором; самая дорогая заменена более слабой перефразировкой
I0277	KORPUS-2026-07-27_paskal-lekcia-sborka.md	Рисунки делались наспех в цейтноте прошлого захода, часть переделывалась вручную по три круга, два бага в CSS дожили до эфира	_studio/zhurnal/2026-07-27_paskal-lekcia-sborka/kod_dek-paskal-v2.md#ЗАДАНИЕ, строки 9–10	рисунки делались наспех, часть пришлось переделывать вручную по три круга, а два бага в CSS дожили до эфира
I0278	KORPUS-2026-07-27_paskal-lekcia-sborka.md	Незарегистрированный новый .md дал пять документов-сирот	_studio/zhurnal/2026-07-27_paskal-lekcia-sborka/kod_dek-paskal-v2.md#ЗАДАНИЕ, строка 41	цена в пять документов-сирот
I0279	KORPUS-2026-07-27_paskal-lekcia-sborka.md	data-scenes меньше реального числа сцен и обрыв CSS-каскада на .scene-5 дожили до живой лекции	_studio/zhurnal/2026-07-27_paskal-lekcia-sborka/kod_dek-paskal-v2.md#ЗАДАНИЕ, строки 99–102	два бага дожили до живой лекции — кликер уходил на следующий слайд вместо раскрытия блюра, каскады CSS обрывались на .scene-5
I0280	KORPUS-2026-07-27_paskal-lekcia-sborka.md	rc=128 четырежды прочитан как результат вместо сбоя прав окружения	_studio/zhurnal/2026-07-27_paskal-lekcia-sborka/kod_dek-paskal-v2.md#ЗАДАНИЕ, строка 118	rc=128 четырежды прочитан как результат — едва не откатили верное правило по ложным данным
I0281	KORPUS-2026-07-27_paskal-lekcia-sborka.md	Голый commit без пути подмёл чужой индекс — коммит на 89 файлов вместо трёх	_studio/zhurnal/2026-07-27_paskal-lekcia-sborka/kod_dek-paskal-v2.md#ЗАДАНИЕ, строка 224	голый commit подмёл чужой индекс — коммит на 89 файлов вместо трёх; «починка», убравшая add, завалила все 10 коммитов повторно
I0282	KORPUS-2026-07-27_paskal-lekcia-sborka.md	Законный обход pre-commit не существовал в инструменте — первый коммит владельца встал на чужом долге	_studio/zhurnal/2026-07-27_paskal-lekcia-sborka/kod_dek-paskal-v2.md#ЗАДАНИЕ, строка 232	первый же коммит владельца встал на чужом долге
I0283	KORPUS-2026-07-27_paskal-lekcia-sborka.md	render.py снимал слайды в несуществующей сцене .scene-99 — пачечный рендер показывал пустую доску	_studio/zhurnal/2026-07-27_paskal-lekcia-sborka/kod_dek-paskal-v2.md#УРОКИ ФАБРИКЕ, строки 240–251	на старом деке из 15 слайдов 10 снимались с пустой доской; заходу это стоило написания своего render_all.py
I0284	KORPUS-2026-07-27_paskal-lekcia-sborka.md	audit.py и render.py брали разные браузеры — штатный гейт падал трейсбеком	_studio/zhurnal/2026-07-27_paskal-lekcia-sborka/kod_dek-paskal-v2.md#УРОКИ ФАБРИКЕ, строки 253–262	единственный гейт, ловящий переполнение текста, падает; на пробнике нашёл 3 красных слайда в исходном состоянии
I0285	KORPUS-2026-07-27_paskal-lekcia-sborka.md	Пометка «все числа проверены перебором» в разборе относилась не ко всему документу	_studio/zhurnal/2026-07-27_paskal-lekcia-sborka/kod_dek-paskal-v2.md#УРОКИ ФАБРИКЕ, строки 264–274	вопрос уехал бы в дек и прозвучал вслух, противореча слайду — ровно то же уже случилось на живой лекции 27.07 с формулой 2·biном(2n,n)
I0286	KORPUS-2026-07-27_paskal-lekcia-sborka.md	Рецепт глазной проверки рисунка (cairosvg + карта классов) ломается по второму разу	_studio/zhurnal/2026-07-27_paskal-lekcia-sborka/kod_dek-paskal-v2.md#УРОКИ ФАБРИКЕ, строки 276–289	та же карта ломается по второму разу, и каждый исполнитель чинит её у себя
I0287	KORPUS-2026-07-27_paskal-lekcia-sborka.md	Бутстрап завёл worktree без входных файлов захода, хотя контракт требовал основную папку	_studio/zhurnal/2026-07-27_paskal-lekcia-sborka/kod_dek-paskal-v2.md#УРОКИ ФАБРИКЕ, строки 291–302	главные входные файлы захода не отслежены git и в worktree отсутствуют — работать в нём физически нечем
I0288	KORPUS-2026-07-27_paskal-lekcia-sborka.md	Незарегистрированный новый .md дал пять документов-сирот	_studio/zhurnal/2026-07-27_paskal-lekcia-sborka/kod_dek-paskal.md#ЗАДАНИЕ, строка 25	цена в пять документов-сирот
I0289	KORPUS-2026-07-27_paskal-lekcia-sborka.md	Голый commit без пути подмёл чужой индекс — коммит на 89 файлов вместо трёх	_studio/zhurnal/2026-07-27_paskal-lekcia-sborka/kod_dek-paskal.md#ЗАДАНИЕ, строка 26	голый commit подмёл чужой индекс — коммит на 89 файлов вместо трёх; «починка», убравшая add, завалила все 10 коммитов повторно
I0290	KORPUS-2026-07-27_paskal-lekcia-sborka.md	rc=128 четырежды прочитан как результат вместо сбоя прав окружения	_studio/zhurnal/2026-07-27_paskal-lekcia-sborka/kod_dek-paskal.md#ЗАДАНИЕ, строка 57	rc=128 четырежды прочитан как результат — едва не откатили верное правило по ложным данным
I0291	KORPUS-2026-07-27_paskal-lekcia-sborka.md	Законный обход pre-commit не существовал в инструменте — первый коммит владельца встал на чужом долге	_studio/zhurnal/2026-07-27_paskal-lekcia-sborka/kod_dek-paskal.md#ЗАДАНИЕ, строка 201	первый же коммит владельца встал на чужом долге
I0292	KORPUS-2026-07-27_paskal-lekcia-sborka.md	Незарегистрированный новый .md дал пять документов-сирот	_studio/zhurnal/2026-07-27_paskal-lekcia-sborka/kod_gejty-shaga-6.md#ЗАДАНИЕ, строка 20	цена в пять документов-сирот
I0293	KORPUS-2026-07-27_paskal-lekcia-sborka.md	Голый commit без пути подмёл чужой индекс — коммит на 89 файлов вместо трёх	_studio/zhurnal/2026-07-27_paskal-lekcia-sborka/kod_gejty-shaga-6.md#ЗАДАНИЕ, строка 21	голый commit подмёл чужой индекс — коммит на 89 файлов вместо трёх; «починка», убравшая add, завалила все 10 коммитов повторно
I0294	KORPUS-2026-07-27_paskal-lekcia-sborka.md	rc=128 четырежды прочитан как результат вместо сбоя прав окружения	_studio/zhurnal/2026-07-27_paskal-lekcia-sborka/kod_gejty-shaga-6.md#ЗАДАНИЕ, строка 38	rc=128 четырежды прочитан как результат — едва не откатили верное правило по ложным данным
I0295	KORPUS-2026-07-27_paskal-lekcia-sborka.md	Законный обход pre-commit не существовал в инструменте — первый коммит владельца встал на чужом долге	_studio/zhurnal/2026-07-27_paskal-lekcia-sborka/kod_gejty-shaga-6.md#ЗАДАНИЕ, строка 92	первый же коммит владельца встал на чужом долге
I0296	KORPUS-2026-07-27_paskal-lekcia-sborka.md	G7 проверял несуществующий путь src/content/*.md, а G12–G15/H6 существовали только текстом в GEJTY.md	_studio/zhurnal/2026-07-27_paskal-lekcia-sborka/kod_gejty-shaga-6.md#ПЛАН, строки 118–119	G7 не просто врёт местом на диске — он ещё и красный там, где долга нет
I0297	KORPUS-2026-07-27_paskal-lekcia-sborka.md	Признаки-на-диске гейтов писались по памяти об инциденте, а не грепом по живым декам	_studio/zhurnal/2026-07-27_paskal-lekcia-sborka/kod_gejty-shaga-6.md#УРОКИ ФАБРИКЕ, строки 100–103	буквальная реализация давала бы на первом же прогоне 24 ложных ❌ по G14, ❌ по G15 на всех четырёх живых деках, 2 по G13 и 12 разделов из 14 по G7 — при нуле настоящих долгов
I0298	KORPUS-2026-07-27_paskal-lekcia-sborka.md	Критерий готовности требовал зелёный G7 на эталонном деке, где на самом деле настоящий долг	_studio/zhurnal/2026-07-27_paskal-lekcia-sborka/kod_gejty-shaga-6.md#УРОКИ ФАБРИКЕ, строки 105–108	исполнитель обязан ослаблять проверку, пока единственный существующий эталон не позеленеет
I0299	KORPUS-2026-07-27_paskal-lekcia-sborka.md	Раздел-обложка в ленте не несёт раскладки — ожидаемое вечное ложное срабатывание G7	_studio/zhurnal/2026-07-27_paskal-lekcia-sborka/kod_gejty-shaga-6.md#ВОПРОСЫ, строки 178–179	скорее всего, вечное ложное срабатывание на каждой будущей ленте
I0300	KORPUS-2026-07-27_paskal-lekcia-sborka.md	G13/G15 краснели на деке, уже достигшем цели H6 (сцены порождаются сборкой, в src их нет)	_studio/zhurnal/2026-07-27_paskal-lekcia-sborka/kod_gejty-shaga-6.md#ОТЧЁТ, строка 225	гейт, краснеющий за достижение объявленной цели
I0301	KORPUS-2026-07-27_paskal-lekcia-sborka.md	G15 требовал каскад CSS под data-scene-until, которого движку не нужно	_studio/zhurnal/2026-07-27_paskal-lekcia-sborka/kod_gejty-shaga-6.md#ОТЧЁТ, строка 226	НЕ НАЗВАНА
I0302	KORPUS-2026-07-27_paskal-lekcia-sborka.md	G14 приравнивал число стадий канваса к номеру сцены и красил здоровую конструкцию	_studio/zhurnal/2026-07-27_paskal-lekcia-sborka/kod_gejty-shaga-6.md#ОТЧЁТ, строка 227	НЕ НАЗВАНА
I0303	KORPUS-2026-07-27_paskal-lekcia-sborka.md	G12 был слеп ровно к перегруженной обложке Паскаля, ради которой заведён — content/sl-title.md был 1 байт	_studio/zhurnal/2026-07-27_paskal-lekcia-sborka/kod_gejty-shaga-6.md#ОТЧЁТ, строка 228	счёт слов давал 0 и перегруженная обложка проходила беспрепятственно; на Паскале вылез финал в 27 слов
I0304	KORPUS-2026-07-27_paskal-lekcia-sborka.md	Счёт слов G12 считал разделители (—, ·, …) словами, давая ±3 слова у порога 25	_studio/zhurnal/2026-07-27_paskal-lekcia-sborka/kod_gejty-shaga-6.md#ОТЧЁТ, строка 229	на пределе в 25 это ±3 слова из ниоткуда
I0305	KORPUS-2026-07-27_paskal-lekcia-sborka.md	G7 рвался на здоровой ленте Паскаля пятью независимыми способами	_studio/zhurnal/2026-07-27_paskal-lekcia-sborka/kod_gejty-shaga-6.md#ОТЧЁТ, строка 230	фантомный раздел, врезка уходила в бюджет слов, формулы считались словами (до +28%), «Раскладка:»/«Раскладка**.» не распознавались, файл с опечаткой молча выпадал из выборки
I0306	KORPUS-2026-07-27_paskal-lekcia-sborka.md	`}` внутри TeX ломал разбор шорткатов {blur@…}, sostoyanie.py не повторял приём build_deck.py	_studio/zhurnal/2026-07-27_paskal-lekcia-sborka/kod_gejty-shaga-6.md#ОТЧЁТ, строка 231	{blur@2|$\binom{2n}{n}$ путей} схлопывался в мусор
I0307	KORPUS-2026-07-27_paskal-lekcia-sborka.md	Диапазонные маркеры {@5-8} и {@-6} читались неверно — {@-6} не виделся вовсе	_studio/zhurnal/2026-07-27_paskal-lekcia-sborka/kod_gejty-shaga-6.md#ОТЧЁТ, строка 232	G14 проспал бы урок 7 на верхней границе диапазона, а G15 — дыру в каскаде
I0308	KORPUS-2026-07-27_paskal-lekcia-sborka.md	G7=N/A не влияет на код возврата — хук, судящий по exit code, пропустит дек без шага 6	_studio/zhurnal/2026-07-27_paskal-lekcia-sborka/kod_gejty-shaga-6.md#ОТЧЁТ, строка 237	НЕ НАЗВАНА
I0309	KORPUS-2026-07-27_paskal-lekcia-sborka.md	H6 считает все .scene-N без различения сгенерированного блока — цель «ноль совпадений» станет недостижимой	_studio/zhurnal/2026-07-27_paskal-lekcia-sborka/kod_gejty-shaga-6.md#ОТЧЁТ, строка 239	цель «ноль совпадений» недостижима, пока build_deck.py не начнёт помечать порождённый блок
I0310	KORPUS-2026-07-27_paskal-lekcia-sborka.md	Незарегистрированный новый .md дал пять документов-сирот	_studio/zhurnal/2026-07-27_paskal-lekcia-sborka/kod_sluzhebnye-slajdy.md#ЗАДАНИЕ, строка 24	цена в пять документов-сирот
I0311	KORPUS-2026-07-27_paskal-lekcia-sborka.md	Голый commit без пути подмёл чужой индекс — коммит на 89 файлов вместо трёх	_studio/zhurnal/2026-07-27_paskal-lekcia-sborka/kod_sluzhebnye-slajdy.md#ЗАДАНИЕ, строка 25	голый commit подмёл чужой индекс — коммит на 89 файлов вместо трёх; «починка», убравшая add, завалила все 10 коммитов повторно
I0312	KORPUS-2026-07-27_paskal-lekcia-sborka.md	rc=128 четырежды прочитан как результат вместо сбоя прав окружения	_studio/zhurnal/2026-07-27_paskal-lekcia-sborka/kod_sluzhebnye-slajdy.md#ЗАДАНИЕ, строка 42	rc=128 четырежды прочитан как результат — едва не откатили верное правило по ложным данным
I0313	KORPUS-2026-07-27_paskal-lekcia-sborka.md	Законный обход pre-commit не существовал в инструменте — первый коммит владельца встал на чужом долге	_studio/zhurnal/2026-07-27_paskal-lekcia-sborka/kod_sluzhebnye-slajdy.md#ЗАДАНИЕ, строка 101	первый же коммит владельца встал на чужом долге
I0314	KORPUS-2026-07-27_paskal-lekcia-sborka.md	Служебные слайды верстались руками в каждом деке, правки владельца следующей большой правкой возвращались обратно	_studio/zhurnal/2026-07-27_paskal-lekcia-sborka/kod_sluzhebnye-slajdy.md#ЗАДАНИЕ, строка 8	визитки нет вообще, хотя она обязана быть в каждой деке; финал переписан сборщиком «от себя»
I0315	KORPUS-2026-07-27_paskal-lekcia-sborka.md	Гейт render-identity не может ни провалиться, ни пройти — недетерминирован даже при сверке файла с самим собой	_studio/zhurnal/2026-07-27_paskal-lekcia-sborka/kod_sluzhebnye-slajdy.md#УРОКИ ФАБРИКЕ, строки 113–115	получен список «различаются слайды» на трёх деках, чьи выходы байт-идентичны закоммиченным — ~10 минут прогонов и замены пункта на байтовую сверку
I0316	KORPUS-2026-07-27_paskal-lekcia-sborka.md	Реестр гейтов объявил поблажку G7 закрытой, а в коде sostoyanie.py она не реализована	_studio/zhurnal/2026-07-27_paskal-lekcia-sborka/kod_sluzhebnye-slajdy.md#УРОКИ ФАБРИКЕ, строки 117–119	ложное ❌ на каждом деке новой схемы; ~10 минут проверки «не моя ли это регрессия»
I0317	KORPUS-2026-07-27_paskal-lekcia-sborka.md	Параллельный коммит аналитика в 02:23 подмёл три правленых файла исполнителя под чужое сообщение	_studio/zhurnal/2026-07-27_paskal-lekcia-sborka/kod_sluzhebnye-slajdy.md#УРОКИ ФАБРИКЕ, строки 121–123	правка реестра гейтов и двух документов конвейера лежит в истории под сообщением про совершенно другую арку
I0318	KORPUS-2026-07-27_paskal-lekcia-sborka.md	Новый структурный G12 пропустил перегрузку обложки через санкционированные поля brief.md	_studio/zhurnal/2026-07-27_paskal-lekcia-sborka/kod_sluzhebnye-slajdy.md#УРОКИ ФАБРИКЕ, строки 125–127	верификатор собрал через санкционированные поля обложку на 52 слова при пороге 25 — сборка чистая, G12 PASS
I0319	KORPUS-2026-07-27_paskal-lekcia-sborka.md	Действующий (до правки) G12 счётом слов не ловил уже перегруженную обложку Паскаля, ради которой заведён заход	_studio/zhurnal/2026-07-27_paskal-lekcia-sborka/kod_sluzhebnye-slajdy.md#ПЛАН, строка 135	НЕ НАЗВАНА
I0320	KORPUS-2026-07-27_paskal-lekcia-sborka.md	Канонный финал с вертикальной иллюстрацией уезжал за нижний край холста	_studio/zhurnal/2026-07-27_paskal-lekcia-sborka/kod_sluzhebnye-slajdy.md#ОТЧЁТ, строки 257–258	замер дал бокс 1048px в полосе 572px
I0321	KORPUS-2026-07-27_paskal-lekcia-sborka.md	Служебный слайд под чужим именем (например sl-oblozhka) гейтом G12 не ловится	_studio/zhurnal/2026-07-27_paskal-lekcia-sborka/kod_sluzhebnye-slajdy.md#ОТЧЁТ, строка 268	НЕ НАЗВАНА
I0322	KORPUS-2026-07-27_paskal-lekcia-sborka.md	Плейсхолдер {{ SLIDES }} с пробелами не распознавался — порождение молча выключалось, дек собирался пустым	_studio/zhurnal/2026-07-27_paskal-lekcia-sborka/kod_sluzhebnye-slajdy.md#ОТЧЁТ, строка 269	порождение молча выключается, дек собирается пустым, и этого не ловил никто
I0323	KORPUS-2026-07-27_paskal-lekcia-sborka.md	Сообщение гейта о ложном ❌ на vizitka:net с осиротевшим slides/sl-vizitka.html врало о причине	_studio/zhurnal/2026-07-27_paskal-lekcia-sborka/kod_sluzhebnye-slajdy.md#ОТЧЁТ, строка 270	НЕ НАЗВАНА
I0324	KORPUS-2026-07-27_paskal-lekcia-sborka.md	1. Обсуждали как нерешённые две задачи, которые уже стояли решёнными в собственном тексте проекта	_studio/zhurnal/2026-07-27_paskal-lekcia-sborka/UROKI-FABRIKE.md#УРОКИ ФАБРИКЕ, строки 39–43	два полных круга диалога — сначала я подробно доказывал владельцу то, что уже лежало в его файле; поймал Cowork только когда полез читать файлы вместо того, чтобы отвечать по постановке. Обратная сторона той же цены: в проекте нет отметки «этот документ устарел, смотри такой-то», хотя `HANDOFF.md` т
I0325	KORPUS-2026-07-27_paskal-lekcia-sborka.md	2. Вписал в собственный документ число, которое не сходится с его же таблицей	_studio/zhurnal/2026-07-27_paskal-lekcia-sborka/UROKI-FABRIKE.md#УРОКИ ФАБРИКЕ, строки 44–48	владелец принимал решение о резке по числу, заниженному на 17%, и один круг обсуждения объёма прошёл на ложных данных. Поймал я сам на следующем круге, когда пересчитывал для сверки с эталоном. При этом рядом, в `buffon/`, объём считался скриптом — то есть правильный способ был в руках и не был прим
I0326	KORPUS-2026-07-27_paskal-lekcia-sborka.md	3. Проектировал габарит нового артефакта на глаз, имея живой эталон в том же репозитории	_studio/zhurnal/2026-07-27_paskal-lekcia-sborka/UROKI-FABRIKE.md#УРОКИ ФАБРИКЕ, строки 49–53	три круга проектирования вхолостую и одно решение (снять Серпинского), принятое под давлением объёма, которое можно было принять на два круга раньше и спокойнее. Пять минут скрипта по разметке `{@N}` дали габарит точнее, чем три круга интуиции.
I0327	KORPUS-2026-07-27_paskal-lekcia-sborka.md	4. Считал снятие блюра отдельной сценой	_studio/zhurnal/2026-07-27_paskal-lekcia-sborka/UROKI-FABRIKE.md#УРОКИ ФАБРИКЕ, строки 54–58	завышенная оценка объёма поверх уже завышенного числа из урока 2, то есть ошибки сложились. Разметка при этом копировалась из Бюфона, где `blur-reveal` и `data-scene-from` — разные атрибуты; различие было в исходнике перед глазами и не было прочитано.
I0328	KORPUS-2026-07-27_paskal-lekcia-sborka.md	5. Три конкурирующие мотивации к одному факту выдавались за богатство выбора	_studio/zhurnal/2026-07-27_paskal-lekcia-sborka/UROKI-FABRIKE.md#УРОКИ ФАБРИКЕ, строки 59–66	два круга, в которых блок не принимался, и владелец всерьёз рассматривал снятие Вандермонда целиком — то есть чуть не потеряли сюжет, который в итоге оказался несущим (через него пришла последовательность 2, 6, 20, 70, работающая на финал). Признак был виден сразу: когда к факту предлагается три вхо
I0329	KORPUS-2026-07-27_paskal-lekcia-sborka.md	6. Габарит артефакта сверили с эталоном по ЧИСЛУ сцен, а не по плотности содержания	_studio/zhurnal/2026-07-27_paskal-lekcia-sborka/UROKI-FABRIKE.md#УРОКИ ФАБРИКЕ, строки 67–71	лекция, спроектированная на 90 минут, прочитана вживую за 50. Переделывается весь дек — с 15 слайдов до 20–22, плюс два круга голосового разбора владельца и полная перерисовка половины иллюстраций. Это ПОВТОР урока 3 в новой одежде: там габарит проектировали на глаз при живом эталоне, здесь сверилис
I0330	KORPUS-2026-07-27_paskal-lekcia-sborka.md	7. `data-scenes` слайда прописан руками и разошёлся с числом сцен в его `content`	_studio/zhurnal/2026-07-27_paskal-lekcia-sborka/UROKI-FABRIKE.md#УРОКИ ФАБРИКЕ, строки 72–76	кликер доходил до объявленного числа сцен и уходил на следующий слайд, а блюр не раскрывался никогда — то есть вопрос в зал переставал работать. Шесть слайдов из пятнадцати. Поймал владелец на живой лекции, вслепую, по симптому «нажимаю, а оно перескакивает». Ловится десятью строками Python, которых
I0331	KORPUS-2026-07-27_paskal-lekcia-sborka.md	8. Каскады сцен в CSS выписаны руками и обрывались на `.scene-5`	_studio/zhurnal/2026-07-27_paskal-lekcia-sborka/UROKI-FABRIKE.md#УРОКИ ФАБРИКЕ, строки 77–81	на шестой сцене не срабатывало ни одно правило — всё появившееся пряталось обратно, и оставалась только первая сцена. Владелец описал это как «последняя сцена повторяет первую, лишняя сцена». Поймано на живой лекции; страдали все слайды, доросшие до шести сцен. Оба каскада обязаны генерироваться, а 
I0332	KORPUS-2026-07-27_paskal-lekcia-sborka.md	9. Карта разворачивания классов в рецепте визуального гейта была неполной	_studio/zhurnal/2026-07-27_paskal-lekcia-sborka/UROKI-FABRIKE.md#УРОКИ ФАБРИКЕ, строки 82–86	два субагента независимо дописали недостающие классы каждый в свою копию скрипта. То есть починка произошла дважды и не доехала ни до кого: общий рецепт остался сломанным для следующего. Плюс стрелка задаётся заливкой, а не обводкой — развёрнутая неверно, она рисуется полой.
I0333	KORPUS-2026-07-27_paskal-lekcia-sborka.md	10. `cairosvg` масштабирует по атрибуту `width` и игнорирует пропорции `viewBox`	_studio/zhurnal/2026-07-27_paskal-lekcia-sborka/UROKI-FABRIKE.md#УРОКИ ФАБРИКЕ, строки 87–91	исполнитель смотрит на искажённый вид, чинит несуществующий перекос и ломает верную композицию. Поймано на четырёх параллельных исполнителях сразу — каждый оценивал свои рисунки по вранью.
I0334	KORPUS-2026-07-27_paskal-lekcia-sborka.md	11. Маркер сцены `{@N}` не работает внутри пункта списка	_studio/zhurnal/2026-07-27_paskal-lekcia-sborka/UROKI-FABRIKE.md#УРОКИ ФАБРИКЕ, строки 92–96	на живом слайде вместо пунктов напечатались буквальные `{@3}`, `{@4}`, `{@5}`. Поймал владелец глазами на собранном деке. В линтере этого случая нет, хотя ловится одним грепом по `dist`.
I0335	KORPUS-2026-07-27_paskal-lekcia-sborka.md	12. Жёсткая спека + эталонный SVG + обязательный «посмотри PNG» позволили распараллелить рисование на четырёх агентов	_studio/zhurnal/2026-07-27_paskal-lekcia-sborka/UROKI-FABRIKE.md#УРОКИ ФАБРИКЕ, строки 97–101	за что куплено — первая попытка рисовать без спеки дала таблицу в рамках, похожую на набор карточек, и ломаную, наезжающую на цифры, — два рисунка переделаны вручную. Цена самой спеки — один прогон на эталонном рисунке до раздачи задач.
I0336	KORPUS-2026-07-27_paskal-lekcia-sborka.md	13. У дек-движка кэш KaTeX статический: новая формула валит сборку линтером	_studio/zhurnal/2026-07-27_paskal-lekcia-sborka/UROKI-FABRIKE.md#УРОКИ ФАБРИКЕ, строки 102–106	один круг диагностики посреди правок перед лекцией — сообщение линтера про «не в katex.json» читалось как поломка источника, а не как отсутствующий шаг.
I0337	KORPUS-2026-07-27_paskal-lekcia-sborka.md	14. У Cowork нет браузера, и визуальная доводка ушла кругами через владельца	_studio/zhurnal/2026-07-27_paskal-lekcia-sborka/UROKI-FABRIKE.md#УРОКИ ФАБРИКЕ, строки 107–111	пять кругов правок в день лекции, каждый — сообщение владельца со скриншотом и описанием симптома. Часть из них (два бага каскадов) дожила до эфира. Вывод, сформулированный владельцем прямо: такие задачи надо сразу отдавать Claude Code, у которого браузер есть.
I0338	KORPUS-2026-07-27_paskal-lekcia-sborka.md	17. Гейт render-identity не может ни провалиться, ни пройти, а на него ссылаются критерии заходов и слой 2 гейта G11	_studio/zhurnal/2026-07-27_paskal-lekcia-sborka/UROKI-FABRIKE.md#УРОКИ ФАБРИКЕ, строки 122–126	пункт критерия «render-identity зелёная, красный = провал захода» доказательной силы не имеет ни в одну сторону. Поверивший коду возврата сдаст сломанный генератор как зелёный; поверивший списку различий будет часами искать поломку, которой нет — исполнитель получил такой список на трёх деках, чьи в
I0339	KORPUS-2026-07-27_paskal-lekcia-sborka.md	19. Дисциплина pathspec-коммита требуется с исполнителя и не требуется с аналитика, а пишут они в один репозиторий одновременно	_studio/zhurnal/2026-07-27_paskal-lekcia-sborka/UROKI-FABRIKE.md#УРОКИ ФАБРИКЕ, строки 132–136	правка реестра гейтов и двух документов конвейера лежит в истории под сообщением про чужую арку — на вопрос «почему G12 стал таким» история отвечает неверно, и это не чинится без переписывания коммита. Приёмка этого не увидит: `git_zona.py check` зелёный, `git show --stat` исполнителя чист, расхожде
I0340	KORPUS-2026-07-27_paskal-lekcia-sborka.md	20. Перенос величины из рукописного места в порождаемое не отменяет гейт, а меняет ему адрес	_studio/zhurnal/2026-07-27_paskal-lekcia-sborka/UROKI-FABRIKE.md#УРОКИ ФАБРИКЕ, строки 137–140	гейт снимался ровно тем действием, которое канон предписывает, — новая механика не усилила проверку, а отключила её для всех будущих деков. Обнаружилось только потому, что заход обязал завести свежего верификатора ДРУГИМ методом. Тот же верификатор нашёл вторую дыру той же природы: сверка шла по `sl
I0341	KORPUS-2026-07-28_teksty-l1.md	git checkout в общей папке молча откатил дерево — файл откатился ночью, поймал владелец вручную	_studio/zhurnal/2026-07-28_teksty-l1/kod_skelet-konspekt-l1.md#ЗАДАНИЕ, строка 10	цена 27→28.07: файл откатился ночью, поймал владелец вручную
I0342	KORPUS-2026-07-28_teksty-l1.md	Незарегистрированный новый .md дал пять документов-сирот	_studio/zhurnal/2026-07-28_teksty-l1/kod_skelet-konspekt-l1.md#ЗАДАНИЕ, строка 12	цена в пять документов-сирот
I0343	KORPUS-2026-07-28_teksty-l1.md	Голый commit без пути подмёл чужой индекс — коммит на 89 файлов вместо трёх	_studio/zhurnal/2026-07-28_teksty-l1/kod_skelet-konspekt-l1.md#ЗАДАНИЕ, строка 13	голый commit подмёл чужой индекс — коммит на 89 файлов вместо трёх; «починка», убравшая add, завалила все 10 коммитов повторно
I0344	KORPUS-2026-07-28_teksty-l1.md	rc=128 четырежды прочитан как результат вместо сбоя прав окружения	_studio/zhurnal/2026-07-28_teksty-l1/kod_skelet-konspekt-l1.md#ЗАДАНИЕ, строка 22	rc=128 четырежды прочитан как результат — едва не откатили верное правило по ложным данным
I0345	KORPUS-2026-07-28_teksty-l1.md	Законный обход pre-commit не существовал в инструменте — первый коммит владельца встал на чужом долге	_studio/zhurnal/2026-07-28_teksty-l1/kod_skelet-konspekt-l1.md#ЗАДАНИЕ, строка 57	первый же коммит владельца встал на чужом долге
I0346	KORPUS-2026-07-28_teksty-l1.md	Карта кусков называет домом математики восемь карточек, которых в картотеке физически нет	_studio/zhurnal/2026-07-28_teksty-l1/kod_skelet-konspekt-l1.md#УРОКИ ФАБРИКЕ, строки 67–68	три из двадцати одного куска ушли в конспект формулировкой с флагом вместо математики; пять восстановлены исполнителем — повторена работа, которую карта уже числила сделанной, в третий раз
I0347	KORPUS-2026-07-28_teksty-l1.md	Юникодные подстрочные индексы (U+208B) в SVG-метке молча не рисуются в шрифте вида	_studio/zhurnal/2026-07-28_teksty-l1/kod_skelet-konspekt-l1.md#УРОКИ ФАБРИКЕ, строки 70–71	метка Pₙ₋ₖ(A) отрисовалась как Pn_k(A) — рисунок показывал не ту формулу; гейт check_view этого не видит
I0348	KORPUS-2026-07-28_teksty-l1.md	Заход требует «~10 вкладок», а движок делает вкладку отдельным файлом — конфликт с зоной в один файл	_studio/zhurnal/2026-07-28_teksty-l1/kod_skelet-konspekt-l1.md#УРОКИ ФАБРИКЕ, строки 73–74	два обязательных указания захода несовместимы буквально; разрешать это пришлось исполнителю, потратив круг на чтение build_doc.py вместо содержания
I0349	KORPUS-2026-07-28_teksty-l1.md	Три определения (ретракт/сечение, группоид, скелет) отсутствуют и в маткостяке, и в картотеке	_studio/zhurnal/2026-07-28_teksty-l1/kod_skelet-konspekt-l1.md#ВОПРОСЫ, строки 102–103	НЕ НАЗВАНА
I0350	KORPUS-2026-07-28_teksty-l1.md	1. Скаффолд `bootstrap_arka.py` создаёт NAVIGATOR/PLAN/TZ заглушками, и наличие файлов выглядит как закрытый Ф0	_studio/zhurnal/2026-07-28_teksty-l1/UROKI-FABRIKE.md#УРОКИ ФАБРИКЕ, строки 39–42	сессия вошла в арку, у которой не было ни границ, ни указателей в долгую — при том что `ARKA §2 шаг 4` требует их для закрытия Ф0. Следствие сразу: аналитик первым же ходом предложил собрать карту всех микроарок целиком, чего границы бы не разрешили; владелец вернул («не пытайся собрать их сразу 10»
I0351	KORPUS-2026-07-28_teksty-l1.md	2. Для математического содержания у фабрики нет ни одного гейта, и правдоподобная проза проходит как работа	_studio/zhurnal/2026-07-28_teksty-l1/UROKI-FABRIKE.md#УРОКИ ФАБРИКЕ, строки 43–46	два предъявленных куска сняты владельцем подряд. Первый («Паспорт мира») склеивал Кантора–Бернштейна с расщепимостью аналогией — мостом должно было быть утверждение, которого у нас нет. Второй (раздел про естественность) содержал «сумму элементов матрицы» без указания функторов и «сопоставление прос
I0352	KORPUS-2026-07-28_teksty-l1.md	3. Аналитик трижды за сессию отложил сильный материал ради слабого, и каждый раз по методической причине	_studio/zhurnal/2026-07-28_teksty-l1/UROKI-FABRIKE.md#УРОКИ ФАБРИКЕ, строки 47–82	сильнейший сюжет ядра (ретрактная связка, вердикт владельца «100 %, всё правильно») не был предъявлен первым — аналитик отложил его с обоснованием «он уже откалиброван, на нём не проверишь формат». Владелец просил не проверять формат, а начать с того, что однозначно круто. Это ТОТ ЖЕ сбой, что в пре
I0353	KORPUS-_INFRA-git.md	`bootstrap_arka.py` принял флаг `--help` за имя арки и сфабриковал папку-сироту, которая ушла в git-план	_studio/zhurnal/_INFRA-git/kod_bootstrap-guard.md#ЗАДАНИЕ, строки 6, 42	23.07 папка-сирота `--help` чуть не уехала в гейт-коммит `_studio`, поймал только ручной просмотр; каждую коммит-сессию кто-то вручную выцепляет мусор из плана
I0354	KORPUS-_INFRA-git.md	Пометка «удалить» в HANDOFF не удалила дубль `ZAPROS-fable-2-vneshnie.md` — заметка не механизм	_studio/zhurnal/_INFRA-git/kod_bootstrap-guard.md#ЗАДАНИЕ, строки 6, 42	НЕ НАЗВАНА
I0355	KORPUS-_INFRA-git.md	Задание содержало ложную цену: утверждало, что дубль «пролежал неделю» после пометки к удалению — проверка по mtime и HANDOFF показала тот же день	_studio/zhurnal/_INFRA-git/kod_bootstrap-guard.md#ЗАДАНИЕ, строка 42; #ОТЧЁТ, строка 125	НЕ НАЗВАНА
I0356	KORPUS-_INFRA-git.md	Код возврата `rc=128` (сбой прав окружения) четырежды прочитан как результат работы	_studio/zhurnal/_INFRA-git/kod_bootstrap-guard.md#ЗАДАНИЕ, строка 27	21.07, едва не откатили верное правило по ложным данным
I0357	KORPUS-_INFRA-git.md	Голый `commit` без pathspec подмёл чужой индекс, «починка» без `add` завалила коммиты повторно	_studio/zhurnal/_INFRA-git/kod_bootstrap-guard.md#ЗАДАНИЕ, строка 66	21.07 в один вечер — коммит на 89 файлов вместо трёх; «починка», убравшая `add`, завалила все 10 коммитов повторно
I0358	KORPUS-_INFRA-git.md	Триггер фикстуры (поднимается хуком) уже, чем защита, которую она проверяет	_studio/zhurnal/_INFRA-git/kod_bootstrap-guard.md#ОТЧЁТ, строки 122–123	НЕ НАЗВАНА
I0359	KORPUS-_INFRA-git.md	Запуск `git_zona.py` не из корня репозитория падал без диагностики	_studio/zhurnal/_INFRA-git/kod_commit-ux.md#ЗАДАНИЕ, строка 37	дважды подряд; инструмент даже не загрузился, подсказать не мог
I0360	KORPUS-_INFRA-git.md	Инлайн `#`-комментарий в команде ломался в zsh владельца, уходя в argv	_studio/zhurnal/_INFRA-git/kod_commit-ux.md#ЗАДАНИЕ, строка 38	`unrecognized arguments: # предпросмотр` — обе `adopt`-команды упали так
I0361	KORPUS-_INFRA-git.md	`commit` без предварительного `plan` не был очевиден как двухшаговый процесс	_studio/zhurnal/_INFRA-git/kod_commit-ux.md#ЗАДАНИЕ, строка 39	НЕ НАЗВАНА (владелец получал «Плана нет»)
I0362	KORPUS-_INFRA-git.md	Заглушка `== <переписать>` в `.commit-plan` требовала ручной правки, о которой владелец не знал, а вписывать её должен был другой писатель	_studio/zhurnal/_INFRA-git/kod_commit-ux.md#ЗАДАНИЕ, строка 40	НЕ НАЗВАНА
I0363	KORPUS-_INFRA-git.md	worktree/adopt для параллельных заходов оставался многоходовым даже после частичной починки	_studio/zhurnal/_INFRA-git/kod_commit-ux.md#ЗАДАНИЕ, строка 41	НЕ НАЗВАНА
I0364	KORPUS-_INFRA-git.md	Урок о поломке коммитов выжил только потому, что был вшит в конкретный файл-заход	_studio/zhurnal/_INFRA-git/kod_commit-ux.md#ЗАДАНИЕ, строки 57–59	НЕ НАЗВАНА («в чужом чате он бы исчез»)
I0365	KORPUS-_INFRA-git.md	Погоня за 100% безотказностью породила отдельную арену «гейт врёт»: фикстура записала коммит в боевой репо, GNU-изм остановил здоровый коммит, гейт показал ❌ на успешном исходе	_studio/zhurnal/_INFRA-git/kod_commit-ux.md#ЗАДАНИЕ, строки 71–73	НЕ НАЗВАНА (упомянуты номера инцидентов 1.7, 2.5, 2.7 без цены в этом файле)
I0366	KORPUS-_INFRA-git.md	Канон отстал от инструмента: подкоманда `adopt` существовала в `git_zona.py`, но не была описана в каноне, и висела незакоммиченной	_studio/zhurnal/_INFRA-git/kod_commit-ux.md#ЗАДАНИЕ, строка 80	НЕ НАЗВАНА
I0367	KORPUS-_INFRA-git.md	Код возврата `rc=128` четырежды прочитан как результат	_studio/zhurnal/_INFRA-git/kod_commit-ux.md#ЗАДАНИЕ, строка 28	21.07, едва не откатили верное правило по ложным данным
I0368	KORPUS-_INFRA-git.md	Голый `commit` подмёл чужой индекс, «починка» без `add` завалила коммиты повторно	_studio/zhurnal/_INFRA-git/kod_commit-ux.md#ЗАДАНИЕ, строка 98	коммит на 89 файлов вместо трёх; «починка», убравшая `add`, завалила все 10 коммитов повторно
I0369	KORPUS-_INFRA-git.md	Новый файл `INCIDENTY.md` требует регистрации в KARTA §6, но регистрация вне зоны исполнителя — оставлена как открытый вопрос	_studio/zhurnal/_INFRA-git/kod_commit-ux.md#ВОПРОСЫ, строка 130	НЕ НАЗВАНА
I0370	KORPUS-_INFRA-git.md	Предпосылку про `_generator/` писал аналитик, у которого в песочнице примонтирован только `_studio/` — предпосылка была непроверена по живому файлу	_studio/zhurnal/_INFRA-git/kod_terminal-kanal.md#ЗАДАНИЕ, строки 32–33	НЕ НАЗВАНА (в этом случае предпосылка позже подтвердилась)
I0371	KORPUS-_INFRA-git.md	Новый файл-заход вызвал красный гейт «документ-сирота» (нет строки в KARTA §6), коммит потребовал обхода `--no-verify`	_studio/zhurnal/_INFRA-git/kod_terminal-kanal.md#ВОПРОСЫ, строки 92–94; #ОТЧЁТ, строки 117–121	НЕ НАЗВАНА (обход применён ко всем трём коммитам захода по одной и той же причине)
I0372	KORPUS-_INFRA-git.md	Рабочая ветка `arka/mat-kostyak` несла несвязанные незакоммиченные правки нескольких проектов одновременно	_studio/zhurnal/_INFRA-git/kod_terminal-kanal.md#ВОПРОСЫ, строка 96	НЕ НАЗВАНА
I0373	KORPUS-_INFRA-git.md	За четыре сессии ~15 поломок сведены к одному повторяющемуся классу: лекарством была проза (заметка/канон/урок), которая не переносится на следующий инструмент	_studio/zhurnal/_INFRA-git/kod_tool-contract.md#ЗАДАНИЕ, строка 6	за четыре сессии ~15 поломок
I0374	KORPUS-_INFRA-git.md	Фикстура `git_zona` поднимается хуком только при правке `git_zona.py`, на правку `bootstrap_*` не срабатывает — триггер уже охвата защиты	_studio/zhurnal/_INFRA-git/kod_tool-contract.md#ЗАДАНИЕ, строка 6	НЕ НАЗВАНА
I0375	KORPUS-_INFRA-git.md	Гейт с ложными срабатываниями блокирует здоровые коммиты всем троим писателям — паттерн «сейф-код стал опасностью»	_studio/zhurnal/_INFRA-git/kod_tool-contract.md#ЗАДАНИЕ, строка 7	НЕ НАЗВАНА (упомянуты номера инцидентов 1.1/2.5, «арена E расследования», без цифры в этом файле)
I0376	KORPUS-_INFRA-git.md	Правило о регистрации новых `.md` в KARTA §6 записано 26.07 с ценой пять документов-сирот и через два дня повторилось дословно, потому что жило в `UROKI-FABRIKE`, куда исполнитель с пустым контекстом не заглядывает	_studio/zhurnal/_INFRA-git/kod_tool-contract.md#ЗАДАНИЕ, строка 12	цена в пять документов-сирот (26.07); повтор нарушения дословно через два дня
I0377	KORPUS-_INFRA-git.md	Обход `--no-verify` с причиной был законен по канону, но не существовал как механизм в инструменте — первый же коммит владельца встал на чужом долге	_studio/zhurnal/_INFRA-git/kod_tool-contract.md#ЗАДАНИЕ, строка 81	первый же коммит владельца встал на чужом долге
I0378	KORPUS-_INFRA-git.md	Код возврата `rc=128` четырежды прочитан как результат	_studio/zhurnal/_INFRA-git/kod_tool-contract.md#ЗАДАНИЕ, строка 29	21.07, едва не откатили верное правило по ложным данным
I0379	KORPUS-_INFRA-git.md	Голый `commit` подмёл чужой индекс, «починка» без `add` завалила коммиты повторно	_studio/zhurnal/_INFRA-git/kod_tool-contract.md#ЗАДАНИЕ, строка 73	коммит на 89 файлов вместо трёх; «починка», убравшая `add`, завалила все 10 коммитов повторно
I0380	KORPUS-buffon.md	Харнес рендера жил в эфемерном `scratchpad/` исполнителя — после сессии харнеса нет, а у ревьюера в песочнице браузер не ставится в лимит времени, визуальную приёмку сделать нечем	buffon/WORKLIST.md#§3 «Идеи на будущее», строка 115	НЕ НАЗВАНА (описано как системный риск: «визуальную приёмку нечем сделать»); предложенное решение — класть харнес (`shot.py`) + PNG ключевых слайдов в папку проекта, не в /tmp
I0381	KORPUS-buffon.md	Канон-пример (`buffon-canon-EXAMPLE`) проваливает свой же `audit.py` (5 FAIL: title/coin/condition/thanks — переполнение и box-shadow/radius), из-за чего гейт «audit exit 0» недостижим без нарушения границы «не переписывать»	buffon/WORKLIST.md#§3 «Идеи на будущее», строка 114	НЕ НАЗВАНА (следствие названо: либо привести пример в соответствие своему аудиту, либо в скилле явно пометить эти проверки как advisory/WARN для перегруженных текстом слайдов)
I0382	KORPUS-buffon.md	Канон канваса (G3 — autostart-from-zero + reset-on-reentry + no-self-stop) не гарантирован ядром, каждый sim реализует по-своему → регрессы и init-баги	buffon/WORKLIST.md#§3 «Идеи на будущее», строка 108	НЕ НАЗВАНА (предложение — вынести в жизненный цикл ядра, не в патч)
I0383	KORPUS-buffon.md	Единый механизм подсветки (G5 — класс-акцент цветом вместо `<b>`) не canonized, каждый дек/слайд решает заново	buffon/WORKLIST.md#§3 «Идеи на будущее», строка 109	НЕ НАЗВАНА
I0384	KORPUS-buffon.md	Инвариант масштаба (G1 — общий токен «шаг разлиновки» + хелпер геометрии периметр=1⇒сторона=1/n) не вынесен как общее правило	buffon/WORKLIST.md#§3 «Идеи на будущее», строка 110	НЕ НАЗВАНА
I0385	KORPUS-buffon.md	Инвариант цвета пересечения (G2 — единая функция `cross ? red : blue`, запрет прочих цветов) не вынесен как общее правило	buffon/WORKLIST.md#§3 «Идеи на будущее», строка 111	НЕ НАЗВАНА
I0386	KORPUS-buffon.md	Золото ответов по умолчанию (G4 — `blur-reveal` раскрывается акцентным золотом) не вынесено как дефолт канона	buffon/WORKLIST.md#§3 «Идеи на будущее», строка 112	НЕ НАЗВАНА
I0387	KORPUS-buffon.md	`audit.py` предложены три доп. проверки («канвас стартует с нуля», «нет bold-акцента в теле», «ответ раскрывается золотым»), в этом файле не видно, внесены ли они	buffon/WORKLIST.md#§3 «Идеи на будущее», строка 113	НЕ НАЗВАНА
I0388	KORPUS-buffon.md	Заявленный ЗАХОД-01 «одинаковый шаг разлиновки боковых канвасов» опровергнут ГЛАЗАМИ автора уже после приёмки — окружность заметно мельче	buffon/WORKLIST.md#§7 A3, строка 214	НЕ НАЗВАНА (названо расхождение с заявленным замером «~4.1 периода», квалифицировано как ВЫСОКИЙ приоритет; фактическая цена/подтверждение — в ZAHOD-04)
I0389	KORPUS-buffon.md	Playwright-браузер не скачивается в песочнице (кэш `ms-playwright` рассинхронен по версии) — обойдено запуском системного Chrome (`channel="chrome"`)	buffon/ZAHOD-01.md#ПЛАН, строка 189	НЕ НАЗВАНА
I0390	KORPUS-buffon.md	Сервер-хелпер превью не имеет TCC-доступа к `~/Documents/GitHub/...` — файл пришлось копировать в домашнюю папку для рендера	buffon/ZAHOD-02.md#ОТЧЁТ, строка 92	НЕ НАЗВАНА (техническая находка сессии, обойдено копированием в `~/buffon-zahod-preview`)
I0391	KORPUS-buffon.md	Браузер-хелпер держит вкладку в фоне (`document.hidden=true`), из-за чего `requestAnimationFrame` жёстко троттлится — анимация выглядит «замёрзшей», хотя не заморожена	buffon/ZAHOD-02.md#ОТЧЁТ, строка 93	НЕ НАЗВАНА (обойдено подменой `window.requestAnimationFrame` на `setTimeout(…,4)` и перезапуском симуляции)
I0392	KORPUS-buffon.md	Обход rAF-троттлинга чувствителен к порядку действий — если между щелчками не переустановить патч, нативный rAF снова берёт управление и создаёт ложное впечатление «заморозки»	buffon/ZAHOD-02.md#ОТЧЁТ, строка 108	НЕ НАЗВАНА (находка независимого верификатора; учтена «для следующего захода», в этих файлах не видно, записана ли она где-то ещё)
I0393	KORPUS-buffon.md	Заявленный в ЗАХОД-01 (и повторённый в WORKLIST §7 как «✔ опровергнут замером») факт «окружность и многоугольники — одинаковый шаг ~4.1 периода» оказался ложным: `Circle` тайно переопределял шаг (`this.T = this.H/12`), делая его строже в ~3 раза мельче	buffon/ZAHOD-04.md#ВОПРОСЫ, пункт 1 (строки 153, 171)	НЕ НАЗВАНА (последствие — автор увидел расхождение глазами уже после приёмки ЗАХОД-01, что и породило отдельный заход ZAHOD-04 для проверки и починки; расхождение подтверждено рендер-замером: 157.5 CSS-px у остальных против 53.8 CSS-px у circle)
I0394	KORPUS-catalan_2026-07-03_programma-kursa.md	SPISOK-skachat.md назвал файл, которого на сайте-источнике не существует (seminar8_catalan.pdf)	catalan/zhurnal/2026-07-03_programma-kursa/kod_biblioteka-dobor.md#ОТЧЁТ, строки 99–106	НЕ НАЗВАНА (позиция не закрыта, оставлена для отдельного решения владельца)
I0395	KORPUS-catalan_2026-07-03_programma-kursa.md	Внешний источник (mathus.ru) не ответил дважды подряд, файл не скачан	catalan/zhurnal/2026-07-03_programma-kursa/kod_biblioteka-dobor.md#ОТЧЁТ, строки 108–109	НЕ НАЗВАНА (строка в индекс не добавлена, владельцу предложено скачать вручную)
I0396	KORPUS-catalan_2026-07-03_programma-kursa.md	При сверке ls↔MANIFEST найдено унаследованное расхождение индекса (не из этого захода)	catalan/zhurnal/2026-07-03_programma-kursa/kod_biblioteka-dobor.md#ОТЧЁТ, строки 114–115	НЕ НАЗВАНА
I0397	KORPUS-catalan_2026-07-03_programma-kursa.md	Инструмент /cost недоступен изнутри Claude Code — время/токены даны только оценкой	catalan/zhurnal/2026-07-03_programma-kursa/kod_biblioteka-dobor.md#ОТЧЁТ, строки 123–124	НЕ НАЗВАНА
I0398	KORPUS-catalan_2026-07-03_programma-kursa.md	В базе (карте) была неточная библиографическая ссылка — arXiv-номер Diaconis–Hicks не соответствовал факту	catalan/zhurnal/2026-07-03_programma-kursa/kod_dobor-skelet.md#ОТЧЁТ, строка 72	НЕ НАЗВАНА
I0399	KORPUS-catalan_2026-07-03_programma-kursa.md	PDF Пака оказался старым OCR-сканом 1994 года — текстовый слой местами искажён	catalan/zhurnal/2026-07-03_programma-kursa/kod_dobor-skelet.md#ОТЧЁТ, строка 66	НЕ НАЗВАНА
I0400	KORPUS-catalan_2026-07-03_programma-kursa.md	Инструмент /cost недоступен как вызываемая функция — время/токены даны оценкой по объёму	catalan/zhurnal/2026-07-03_programma-kursa/kod_dobor-skelet.md#ОТЧЁТ, строка 82	НЕ НАЗВАНА
I0401	KORPUS-catalan_2026-07-03_programma-kursa.md	Инструмент /cost недоступен в неинтерактивном заходе — точные токены/стоимость «не measured»	catalan/zhurnal/2026-07-03_programma-kursa/kod_krever-extract.md#ОТЧЁТ, строки 168–169	НЕ НАЗВАНА
I0402	KORPUS-catalan_2026-07-03_programma-kursa.md	Заход прямо ссылается на прошлый инцидент с «роем» субагентов как причину запрета субагентов	catalan/zhurnal/2026-07-03_programma-kursa/kod_skelet-mir2.md#ЗАДАНИЕ, строка 5	НЕ НАЗВАНА («был инцидент с роем — не повторять», детали не приведены)
I0403	KORPUS-catalan_2026-07-03_programma-kursa.md	Инструмент /cost недоступен как инструмент в сессии — точные токены не измерены	catalan/zhurnal/2026-07-03_programma-kursa/kod_skelet-mir2.md#ОТЧЁТ, строка 105	НЕ НАЗВАНА
I0404	KORPUS-catalan_2026-07-03_programma-kursa.md	Живой рендер в браузере не прогнан — песочница не имеет доступа к внешним CDN (KaTeX, Google Fonts)	catalan/zhurnal/2026-07-03_programma-kursa/kod_statya-mir2.md#ОТЧЁТ, строка 138	НЕ НАЗВАНА (риск ложной тревоги описан, сама проверка не проведена)
I0405	KORPUS-catalan_2026-07-03_programma-kursa.md	Инструмент /cost недоступен — время/токены даны приблизительной оценкой	catalan/zhurnal/2026-07-03_programma-kursa/kod_statya-mir2.md#ОТЧЁТ, строка 149	НЕ НАЗВАНА
I0406	KORPUS-catalan_2026-07-03_programma-kursa.md	Дисциплина VYCHITANO.md заведена именно для того, чтобы прекратить повторяющееся перечитывание одних и тех же PDF по кругу	catalan/zhurnal/2026-07-03_programma-kursa/kod_vychitano-backfill.md#ЗАДАНИЕ, строка 6	НЕ НАЗВАНА (цель на будущее, без цифры прошлых потерь)
I0407	KORPUS-catalan_2026-07-03_programma-kursa.md	Инструмент /cost недоступен как инструмент в среде — время/токены даны оценкой по объёму	catalan/zhurnal/2026-07-03_programma-kursa/kod_vychitano-backfill.md#ОТЧЁТ, строки 67–68	НЕ НАЗВАНА
I0408	KORPUS-catalan_2026-07-05_mir1.md	Дайджесты двух источников (Selig-Zhu, Bender-Williamson), собранные субагентами, не попали в VYCHITANO.md при первом проходе	catalan/zhurnal/2026-07-05_mir1/kod_biblioteka-mir1.md#ОТЧЁТ, строки 90–93	НЕ НАЗВАНА (обнаружено и исправлено в середине хода, до финальной сверки)
I0409	KORPUS-catalan_2026-07-05_mir1.md	Точный расход токенов через /cost снять не удалось — команда недоступна из-под агента	catalan/zhurnal/2026-07-05_mir1/kod_biblioteka-mir1.md#ОТЧЁТ, строки 100–101	НЕ НАЗВАНА
I0410	KORPUS-catalan_2026-07-05_mir1.md	Headless-браузер отсутствовал в изолированной среде, установка невозможна без сети — визуальный клик-тест вкладок и реальный рендер KaTeX не проведены	catalan/zhurnal/2026-07-05_mir1/kod_html-obshchiy.md#ОТЧЁТ, строки 152–155	НЕ НАЗВАНА (логика прослежена вручную по коду, но это не то же самое, что видеть рендер глазами)
I0411	KORPUS-catalan_2026-07-05_mir1.md	/cost недоступен в неинтерактивном харнессе Cowork-агента — точное время/токены не сняты	catalan/zhurnal/2026-07-05_mir1/kod_html-obshchiy.md#ОТЧЁТ, строка 164	НЕ НАЗВАНА
I0412	KORPUS-catalan_2026-07-05_mir1.md	/cost недоступен в неинтерактивном харнессе — точный расход токенов не снят	catalan/zhurnal/2026-07-05_mir1/kod_skelet-mir1.md#ОТЧЁТ, строка 95	НЕ НАЗВАНА
I0413	KORPUS-catalan_2026-07-13_dika-v-vysshey-matematike.md	Токены и время не залогированы — дана только оценка «на глаз» вместо измерения	catalan/zhurnal/2026-07-13_dika-v-vysshey-matematike/kod_illustracii-build-doc.md#ОТЧЁТ, строки 139–141	НЕ НАЗВАНА
I0414	KORPUS-catalan_2026-07-13_dika-v-vysshey-matematike.md	Критерий готовности в файле-заходе содержал устаревшее число (defn=5), фактически в источнике 8 — расхождение вскрыто только грепом по источнику	catalan/zhurnal/2026-07-13_dika-v-vysshey-matematike/kod_port-oformlenia-v-build-doc.md#ПЛАН, строка 109	НЕ НАЗВАНА (литерал «5» в критерии устарел, источник даёт 1,3,4,7,11,12,18,25)
I0415	KORPUS-catalan_2026-07-13_dika-v-vysshey-matematike.md	Скролл-транспорт preview-пейна браузера оказался нестабилен — скриншот не ловил проскролленное состояние	catalan/zhurnal/2026-07-13_dika-v-vysshey-matematike/kod_port-oformlenia-v-build-doc.md#ОТЧЁТ, строки 180–181	НЕ НАЗВАНА (вместо требуемого критерием скриншота «в середине» использованы вычисленные стили DOM)
I0416	KORPUS-catalan_2026-07-13_dika-v-vysshey-matematike.md	Объём правки (+215/−27 строк) превысил заявленный в заходе стоп-порог ~150 строк — исполнитель не остановился и не задал вопрос, продолжил, переинтерпретировав условие остановки	catalan/zhurnal/2026-07-13_dika-v-vysshey-matematike/kod_port-oformlenia-v-build-doc.md#ОТЧЁТ, строки 186–188	НЕ НАЗВАНА («больше тришвольда §4 (~150). Признаю честно... останавливаться смысла не было»)
I0417	KORPUS-catalan_2026-07-13_dika-v-vysshey-matematike.md	/cost как инструмент недоступен в этом сеансе — точные цифры токенов не получены	catalan/zhurnal/2026-07-13_dika-v-vysshey-matematike/kod_port-oformlenia-v-build-doc.md#ОТЧЁТ, строки 193–194	НЕ НАЗВАНА
I0418	KORPUS-kursleto_2026-06-28_nauchpop-chernovik.md	Research-субагенты сами породили под-агентов трёх уровней вложенности	kurs leto 2026/zhurnal/2026-06-28_nauchpop-chernovik/kod_dobor-do-10.md#ОТЧЁТ, строка 192	раздуло токены и засыпало уведомлениями
I0419	KORPUS-kursleto_2026-06-28_nauchpop-chernovik.md	Прошлый («v1») судья вынес вердикт «фейков нет», но веб-ресёрч следующего прохода нашёл минимум 6 фактических ошибок в том же материале	kurs leto 2026/zhurnal/2026-06-28_nauchpop-chernovik/kod_dobor-do-10.md#ОТЧЁТ, строки 156–160	НЕ НАЗВАНА (BB(6)-«Антигидра» вместо гипотезы Коллатца; анахронизм «инженер Наполеона» к Монжу-1781; SABRE/UPS-ORION ошибочно названы линейным программированием; тест Тьюринга устарело описан как непройденный; несуществующий курс Райгородского по P=NP; факторизация ошибочно названа NP-полной; некорр
I0420	KORPUS-kursleto_2026-06-28_nauchpop-chernovik.md	Квота ТЗ «45/45» (мин. математики / мин. научпопа на лекцию) на практике вышла ~35/50–55, а не 45/45	kurs leto 2026/zhurnal/2026-06-28_nauchpop-chernovik/kod_dobor-do-10.md#ВОПРОСЫ, строка 148	НЕ НАЗВАНА
I0421	KORPUS-kursleto_2026-06-28_nauchpop-chernovik.md	Харнесс не отдаёт точные счётчики токенов основного цикла — время/токены по фазам даны приближённо	kurs leto 2026/zhurnal/2026-06-28_nauchpop-chernovik/kod_dobor-do-10.md#ОТЧЁТ, строка 180	НЕ НАЗВАНА
I0422	KORPUS-kursleto_2026-06-28_nauchpop-chernovik.md	Заход открывается указанием на перерасход бюджета в прошлый раз, отсюда явный запрет вложенной делегации субагентов в этом заходе	kurs leto 2026/zhurnal/2026-06-28_nauchpop-chernovik/kod_html-v3.md#ЗАДАНИЕ, строка 6	НЕ НАЗВАНА
I0423	KORPUS-kursleto_2026-06-28_nauchpop-chernovik.md	Харнесс не даёт точного счётчика токенов основного (главного) контекста — стоимость дана оценкой «порядка»	kurs leto 2026/zhurnal/2026-06-28_nauchpop-chernovik/kod_L4-html-v4.md#ОТЧЁТ, строка 153	НЕ НАЗВАНА
I0424	KORPUS-kursleto_2026-06-28_nauchpop-chernovik.md	Точный счётчик токенов основного прохода недоступен — стоимость дана оценкой порядка, при этом фактически использовалась модель Opus, а не предписанный заходом Sonnet	kurs leto 2026/zhurnal/2026-06-28_nauchpop-chernovik/kod_svap-tz-v2.md#ОТЧЁТ, строка 137	НЕ НАЗВАНА
I0425	KORPUS-kursleto_2026-06-28_procedura-poiska.md	Правило реконсиляции TRIAGE↔DEEPEN не прописано — DEEPEN сам себе противоречил на Шенноне	kurs leto 2026/zhurnal/2026-06-28_procedura-poiska/kod_procedura-poiska.md#ВОПРОСЫ, строка 101	НЕ НАЗВАНА (внутреннее противоречие самого DEEPEN; «правило реконсиляции... в спеке явно не прописано»)
I0426	KORPUS-kursleto_2026-06-28_procedura-poiska.md	DEEPEN-субагент схлопывает scorecard в неплоскую форму без CLI --json-schema	kurs leto 2026/zhurnal/2026-06-28_procedura-poiska/kod_procedura-poiska.md#ОТЧЁТ, строки 142–144	там, где DEEPEN потерял данные (Монте-Карло), пер-критериальные баллы взяты из TRIAGE
I0427	KORPUS-kursleto_2026-06-28_procedura-poiska.md	GATHER-Haiku вернул невалидные типы (риск §10.2 материализовался) — 3 из 6 сырых scorecard невалидны	kurs leto 2026/zhurnal/2026-06-28_procedura-poiska/kod_procedura-poiska.md#ОТЧЁТ, строка 137	3/6 невалидны на сырье (починены TRIAGE, 4 ремонта в w2_repair_log.json)
I0428	KORPUS-kursleto_2026-06-28_procedura-poiska.md	w1 GATHER: 12 из 74 черновых scorecard схемно невалидны (штатный haiku-брак)	kurs leto 2026/zhurnal/2026-06-28_procedura-poiska/kod_progon-subagentami.md#ОТЧЁТ, строка 76	схемно 62/74 (12 записей — «штатный haiku-брак обл. «логика»: dvizhki массивом / vs_yakor строкой, чинит w2»)
I0429	KORPUS-kursleto_2026-06-28_procedura-poiska.md	w3 DEEPEN: факт-чек поймал фабрикации субагента (Нобель Шеннона, QR/CD на коде Хэмминга)	kurs leto 2026/zhurnal/2026-06-28_procedura-poiska/kod_progon-subagentami.md#ОТЧЁТ, строка 78	НЕ НАЗВАНА
I0430	KORPUS-kursleto_2026-06-28_procedura-poiska.md	w4 ASSEMBLE (Opus-ядро) ложно отчитался «0 подозрительных», хотя было 3 завышения Pugh — поймано только tripwire-судьёй	kurs leto 2026/zhurnal/2026-06-28_procedura-poiska/kod_progon-subagentami.md#ОТЧЁТ, строка 79	НЕ НАЗВАНА
I0431	KORPUS-kursleto_2026-06-28_procedura-poiska.md	Оркестратор физически шёл на Opus вместо предписанного Sonnet — модель сессии на лету не переключить	kurs leto 2026/zhurnal/2026-06-28_procedura-poiska/kod_razvedka-sborka.md#ВОПРОСЫ, строка 60	НЕ НАЗВАНА
I0432	KORPUS-kursleto_2026-06-28_procedura-poiska.md	Субагент Ф3-b4 промахнулся индексами и задвоил Хэмминга — потребовалась пере-сшивка по name-match	kurs leto 2026/zhurnal/2026-06-28_procedura-poiska/kod_razvedka-sborka.md#ОТЧЁТ, строка 89	НЕ НАЗВАНА
I0433	KORPUS-kursleto_2026-06-28_procedura-poiska.md	Headless claude -p не аутентифицирован (401) — прогон «прошёл» все 5 волн за секунды без единого артефакта	kurs leto 2026/zhurnal/2026-06-28_procedura-poiska/kod_zapusk-progona-2.md#ОТЧЁТ, строки 73–87	созданы 0-байтные w1_run.json…w5_run.json; реальных артефактов нет; w5_dossier.md отсутствует (но 5-час окно не сгорело — 3 сек, 0 токенов)
I0434	KORPUS-kursleto_2026-06-28_procedura-poiska.md	Оркестратор молча считает пустой/ошибочный вывод claude -p успехом — нет guard на 401/пустой артефакт	kurs leto 2026/zhurnal/2026-06-28_procedura-poiska/kod_zapusk-progona-2.md#ВОПРОСЫ, строки 60–61	при 401 машина «проходит» все 5 волн за 3 секунды без единого токена и без досье
I0435	KORPUS-kursleto_2026-06-28_procedura-poiska.md	orchestrate.sh падает мгновенно на ветке `all` — bash `set -u`, необъявленная переменная w1 на строке 56	kurs leto 2026/zhurnal/2026-06-28_procedura-poiska/kod_zapusk-progona.md#ОТЧЁТ, строки 73–79	волна w1 не стартовала, свежих w*-артефактов от прогона нет (упало до первой волны, окно не пострадало)
I0436	KORPUS-kursleto_2026-06-30_L2-optimizaciya.md	Заход ориентировался на «8» честных флагов, по факту в старте лекции их было 9	kurs leto 2026/zhurnal/2026-06-30_L2-optimizaciya/kod_dobor-L2.md#ОТЧЁТ, строка 108	НЕ НАЗВАНА
I0437	KORPUS-kursleto_2026-06-30_L2-optimizaciya.md	`/cost` физически недоступен из headless-захода, точные токены снять не удалось	kurs leto 2026/zhurnal/2026-06-30_L2-optimizaciya/kod_dobor-L2.md#ОТЧЁТ, строка 114	НЕ НАЗВАНА
I0438	KORPUS-kursleto_2026-06-30_L2-optimizaciya.md	Общий генераторный баг: узкая таблица _CMD пропускает сырой LaTeX на экран во всех лекциях	kurs leto 2026/zhurnal/2026-06-30_L2-optimizaciya/kod_fix-latex.md#ЗАДАНИЕ, строка 9	читатель видит бэкслеши вместо математики; хуже всего в §10–12 (грязные матрицы), §16 (цепочка неравенств почти нечитаема)
I0439	KORPUS-kursleto_2026-06-30_L2-optimizaciya.md	Правило \in→∈ частично матчило начало \int, тихо подменяя интеграл на неверный символ	kurs leto 2026/zhurnal/2026-06-30_L2-optimizaciya/kod_fix-latex.md#ОТЧЁТ, строка 147	иначе \int → «∈t», тихая подмена — второй интеграл искажён (§25, Вассерштейн)
I0440	KORPUS-kursleto_2026-06-30_L2-optimizaciya.md	Общий генераторный баг: fields_of() не останавливался перед строкой-сноской «> поле:…», честные флаги рендерились дважды	kurs leto 2026/zhurnal/2026-06-30_L2-optimizaciya/kod_fix-latex.md#ЗАДАНИЕ, строки 10–11	дубль — один раз криво инлайном, один раз красиво в рамке
I0441	KORPUS-kursleto_2026-06-30_L2-optimizaciya.md	Собственный критерий приёмки захода (grep-паттерн) технически ловит не то, что заявлено	kurs leto 2026/zhurnal/2026-06-30_L2-optimizaciya/kod_fix-latex.md#ПЛАН, строка 116	grep -oP паттерн в шелле ловит двойные бэкслеши (нашёл лишь 1 \\theta) при реальных ~69 утечках одиночного бэкслеша
I0442	KORPUS-kursleto_2026-06-30_L2-optimizaciya.md	Три расхождения между регэксп-спецификацией захода и живым исходником обнаружены только по факту	kurs leto 2026/zhurnal/2026-06-30_L2-optimizaciya/kod_fix-latex.md#ПЛАН, строки 118–121	НЕ НАЗВАНА (форма \mathsf T без скобок, отсутствие \sum в списке, экранирование & в матрицах после html.escape)
I0443	KORPUS-kursleto_2026-06-30_L2-optimizaciya.md	При закрытии критерия найдены ещё 2 артефакта того же класса («бэкслеш на экране»), уже присутствовавшие в бэкапе до этой сессии, вне двух официально назначенных багов	kurs leto 2026/zhurnal/2026-06-30_L2-optimizaciya/kod_fix-latex.md#ОТЧЁТ, строки 165–166	НЕ НАЗВАНА
I0444	KORPUS-kursleto_2026-06-30_L2-optimizaciya.md	Ожидание захода «2 моно-плейсхолдера портретов» не подтвердилось фактом — вышел только 1	kurs leto 2026/zhurnal/2026-06-30_L2-optimizaciya/kod_html-L2.md#ОТЧЁТ, строка 180	НЕ НАЗВАНА
I0445	KORPUS-kursleto_2026-06-30_L2-optimizaciya.md	`/cost` физически недоступен из headless-режима, точные токены корневой сессии снять не удалось	kurs leto 2026/zhurnal/2026-06-30_L2-optimizaciya/kod_html-L2.md#ОТЧЁТ, строка 189	НЕ НАЗВАНА
I0446	KORPUS-kursleto_2026-06-30_L2-optimizaciya.md	`/cost` физически недоступен из захода, точные токены всего прохода снять не удалось	kurs leto 2026/zhurnal/2026-06-30_L2-optimizaciya/kod_ideal-L2.md#ОТЧЁТ, строка 121	НЕ НАЗВАНА
I0447	KORPUS-kursleto_2026-06-30_L2-optimizaciya.md	Линтер парсит поле «появления:[...]» наивным split(","), из-за чего запятые внутри скобок ломают счёт появлений лица	kurs leto 2026/zhurnal/2026-06-30_L2-optimizaciya/kod_pravki-L6.md#ВОПРОСЫ, строка 137	вместо реальных 4 лекций насчитывает 6 «id» (ложное редакционное предупреждение)
I0448	KORPUS-kursleto_2026-06-30_L2-optimizaciya.md	Общий расход токенов по сессии не инструментирован, точная цифра из захода недоступна	kurs leto 2026/zhurnal/2026-06-30_L2-optimizaciya/kod_pravki-L6.md#ОТЧЁТ, строка 158	НЕ НАЗВАНА
I0449	KORPUS-kursleto_2026-06-30_L2-optimizaciya.md	Заход сам себе противоречит: требует «~13–15 §-разделов» и одновременно «≥20 матблоков», что структурно несовместимо	kurs leto 2026/zhurnal/2026-06-30_L2-optimizaciya/kod_sborka-L2.md#ВОПРОСЫ, строка 105	НЕ НАЗВАНА
I0450	KORPUS-kursleto_2026-06-30_L2-optimizaciya.md	`/cost` физически недоступен из headless-режима, точные токены снять не удалось	kurs leto 2026/zhurnal/2026-06-30_L2-optimizaciya/kod_sborka-L2.md#ОТЧЁТ, строка 159	НЕ НАЗВАНА
I0451	KORPUS-kursleto_2026-06-30_edinyy-istochnik.md	`/cost` физически недоступен из headless-захода, точные токены снять не удалось	kurs leto 2026/zhurnal/2026-06-30_edinyy-istochnik/kod_generator-visual.md#ОТЧЁТ, строка 90	НЕ НАЗВАНА
I0452	KORPUS-kursleto_2026-06-30_edinyy-istochnik.md	Заявленный в заходе стек генератора (markdown-it-py + mdit-py-plugins + Jinja2 + PyYAML) физически не установлен в окружении	kurs leto 2026/zhurnal/2026-06-30_edinyy-istochnik/kod_generator.md#ВОПРОСЫ, строка 107	НЕ НАЗВАНА (переключение на именованный стек требует шаг pip install и несёт версионные риски)
I0453	KORPUS-kursleto_2026-06-30_edinyy-istochnik.md	Контракт SHEMA-istochnika.md сам себе противоречит: §5 объявляет `{shennon}`, а §3 и заход требуют `→[shannon]`	kurs leto 2026/zhurnal/2026-06-30_edinyy-istochnik/kod_generator.md#ВОПРОСЫ, строка 109	при буквальном инстанцировании линтер валит сборку (`→[shannon]` не резолвится в `{shennon}`)
I0454	KORPUS-kursleto_2026-06-30_edinyy-istochnik.md	`/cost` физически недоступен из headless-захода, точные токены снять не удалось	kurs leto 2026/zhurnal/2026-06-30_edinyy-istochnik/kod_generator.md#ОТЧЁТ, строка 154	НЕ НАЗВАНА
I0455	KORPUS-kursleto_2026-07-01_struktura-i-svyazi.md	Фан-аут 7 субагентов Sonnet рекурсивно расплодился в 50+ вложенных агентов	kurs leto 2026/zhurnal/2026-07-01_struktura-i-svyazi/kod_usilenie-svyazey.md#ОТЧЁТ, строки 116–118	суммарно 50+ агентов, всплеск порядка ~9 млн токенов за ~15 минут, массовые rate-limit'ы (2 корневых агента вернули мета-текст вместо данных, ~половина вложенных упёрлась в лимит); перерасход против ~1.5–3 млн для чистой задачи
I0456	KORPUS-kursleto_2026-07-02_edinoe-okno-pamyati.md	Два CANON-дока никогда не были зарегистрированы в NAVIGATION.md	kurs leto 2026/zhurnal/2026-07-02_edinoe-okno-pamyati/kod_perenos-i-checker.md#ОТЧЁТ, строки 110–112 (см. также #ВОПРОСЫ, строки 92–93)	2 нарушения (2-idei/zhurnal-intervyu.md и biblioteka/00-CHTO-GDE.md — оба не упомянуты в NAVIGATION.md); итог 3 нарушения
I0457	KORPUS-kursleto_2026-07-02_edinoe-okno-pamyati.md	Папка snapshots/ существует, но не описана в «Карте папок» NAVIGATION.md	kurs leto 2026/zhurnal/2026-07-02_edinoe-okno-pamyati/kod_perenos-i-checker.md#ОТЧЁТ, строки 116–117 (см. также #ВОПРОСЫ, строка 94)	1 нарушение («Карта папок»: реальная папка snapshots/ не описана); итог 3 нарушения
I0458	KORPUS-kursleto_2026-07-02_edinoe-okno-pamyati.md	Независимый верификатор дал 4 ложных срабатывания «битая ссылка»	kurs leto 2026/zhurnal/2026-07-02_edinoe-okno-pamyati/kod_perenos-i-checker.md#ОТЧЁТ, строка 143	перепроверка вручную показала ложные срабатывания — верификатор резолвил только от корня репо и каталога дока, не подхватив фолбэк «папка верхнего уровня»
I0459	KORPUS-kursleto_2026-07-09_sayt-rasshirenie.md	Headless Chrome на машине держит жёсткий пол ширины окна ≈500px, игнорируя --window-size	kurs leto 2026/zhurnal/2026-07-09_sayt-rasshirenie/kod_ekran2.md#ОТЧЁТ, строка 114	при прямом запросе --window-size=390,844 реальный window.innerWidth всё равно оказывался 500, а PNG обрезался по запрошенным 390px, что давало ложную картину «обрезанного текста»
I0460	KORPUS-kursleto_zhurnal-root.md	Renumber порядок в istochnik/ осиротил собранный HTML и разбросал стале-номера «ЛN» по прозе другой лекции	kurs leto 2026/zhurnal/kod_uborka-renumber.md#ЗАДАНИЕ, строка 5	build.py именует выходной HTML по porjadok → появился новый _out/L6-optimizaciya.html, старый _out/L2-optimizaciya.html осиротел; в L4-kriptografiya.md устарели голые номера «ЛN» (сами ссылки →[id] целы)
I0461	KORPUS-kursleto_zhurnal-root.md	beklog.md ссылается на удалённый _out/L2-optimizaciya.html — check_docs.py упал, ссылку не починили	kurs leto 2026/zhurnal/kod_uborka-renumber.md#ВОПРОСЫ, строка 84	check_docs.py теперь падает на этом одном нарушении (exit 1) — раньше был зелёным, потому что осиротевший файл ещё физически лежал в _out/
